Food Name,Food Group_Beverage,Food Group_Cereals,Food Group_Dairy,Food Group_Dry Fruits,Food Group_Fats & Oils,Food Group_Fruits,Food Group_Leafy Greens,Food Group_Nuts,Food Group_Pulses,Food Group_Seeds,Food Group_Soy Products,Food Group_Spices,Food Group_Vegetables,Cultural Suitability_Indian,Cultural Suitability_Middle Eastern,Cultural Suitability_North Indian,Cultural Suitability_South Indian,"Dietary Tags_Vegan, Gluten-Free","Dietary Tags_Vegetarian, Gluten-Free","Dietary Tags_Vegetarian, Vegan, Gluten-Free",Energy (kcal per 100g),Protein (g per 100g),Iron (mg per 100g),Calcium (mg per 100g),Folate (Âµg per 100g),Vitamin C (mg per 100g),Vitamin A (IU per 100g),Magnesium (mg per 100g),Fiber (g per 100g),Omega-3 (g per 100g),DHA (g per 100g),Sodium (mg per 100g)
Indian Fruits 1,0.00033655757,0.0015591683,0.99954647,0.0008426768,0.9997558,0.9937542,0.9995297,0.0013058814,2.3698844e-05,0.0036336728,0.034187537,0.012198114,0.99959105,0.00032399787,0.99990773,0.9994167,0.9991947,3.164264e-05,0.0043156547,0.99984515,0.99987805,0.99950564,0.6437049,0.99888045,0.99991775,0.00079947006,0.9182402,9.483944e-05,0.9999819,0.059010595,0.9990994,0.9993693
North Indian Pulses 2,9.053687e-05,0.0006354065,0.99974316,0.005819218,0.9995832,0.9980793,0.99730575,0.00046593446,0.0004277884,0.0012999907,0.023839856,0.15491994,0.99935466,0.00041937595,0.99994695,0.9998087,0.9996424,0.00015948767,0.0008752075,0.99991333,0.99988985,0.99933225,0.45984688,0.9998155,0.9998553,0.00015586075,0.86323494,0.0005311575,0.99995446,0.060742814,0.9989869,0.9992774
South Indian Fruits 3,0.00036142636,0.0010384787,0.9994937,0.009018608,0.9996518,0.9992473,0.99919707,0.0018640972,0.0040680175,0.0023101226,0.042299483,0.077808596,0.998123,0.00046079606,0.99949384,0.99907255,0.9948338,0.0006708912,0.0049567176,0.9991122,0.99986124,0.9964612,0.5001978,0.99866533,0.99960905,0.00078197726,0.9302725,0.00060009153,0.999691,0.032896977,0.99911255,0.9996076
Bengali Vegetables 4,0.0001076376,0.0012747438,0.9997874,0.0018112039,0.9997961,0.9995994,0.9997428,0.00029713576,0.0007081726,0.0010701463,0.07821314,0.18273064,0.9993961,0.00018173578,0.9999386,0.9998572,0.9997218,0.0001309516,0.0017622546,0.9998995,0.9998704,0.99654585,0.49605098,0.99939036,0.99978596,0.0002319627,0.9213813,0.0004069006,0.99993086,0.014948181,0.9995604,0.99951196
Indian Seeds 5,0.00012372341,0.0014232316,0.9994493,0.0064636213,0.9998958,0.99797934,0.9996056,0.00081083836,0.000874005,0.00041085438,0.020723011,0.083194636,0.99936324,6.9473266e-05,0.99985945,0.9997794,0.9998323,9.939432e-05,0.004113682,0.99970907,0.99994683,0.99792165,0.4267212,0.99957377,0.99985623,0.00040423096,0.97159696,0.00016271343,0.9999237,0.037247192,0.9993692,0.99975187
North Indian Cereals 6,8.940048e-05,0.0010761316,0.99993885,0.0009961184,0.99989355,0.99978954,0.9993722,0.00021466902,0.001031561,0.00015479894,0.05073699,0.20748225,0.9998859,3.9820374e-05,0.9999782,0.99990654,0.9991278,0.00020800008,0.0031832731,0.9999542,0.9999609,0.99810094,0.44200858,0.99958366,0.9998165,0.00024527544,0.965711,5.669996e-05,0.99994683,0.014377842,0.9997086,0.9993299
Bengali Pulses 7,0.0012951283,0.0009955533,0.99968445,0.011370432,0.99942774,0.99992406,0.99960595,0.00079388916,0.0016226202,0.00036434372,0.034941446,0.21522355,0.9983333,0.0002879836,0.99966836,0.99953675,0.9997794,0.0002642789,0.0006524138,0.99911183,0.99972814,0.9912034,0.48346734,0.99953926,0.9996774,0.0002710481,0.9889965,0.0011019469,0.9996743,0.035559937,0.9995189,0.99548775
North Indian Nuts 8,0.000795233,0.0009311683,0.9997466,0.0059107835,0.99954283,0.9969273,0.999635,0.0009374004,0.0006416108,0.003555586,0.032300267,0.059089392,0.9992924,0.0002753022,0.9996717,0.9993575,0.999673,0.0012509056,0.004591071,0.9996124,0.9997601,0.99518883,0.46675912,0.99917716,0.9993331,0.00041341403,0.9296703,0.00021397423,0.9995789,0.08349235,0.9982095,0.9963154
Gujarati Pulses 9,0.00012648544,0.0013047104,0.9998436,0.0040731174,0.9994981,0.9997168,0.9995302,0.00048166397,0.0010927775,0.0004259154,0.049202267,0.120306715,0.9988814,0.00018571471,0.9998838,0.99958915,0.9994066,0.000114140785,0.00349071,0.9998211,0.999785,0.9958729,0.5334584,0.998648,0.9997465,0.0006104393,0.9405304,0.0004017253,0.9999076,0.082469724,0.9995103,0.9991066
Indian Seeds 10,0.0028322428,0.0013531155,0.9991155,0.030177638,0.9982193,0.9999492,0.998833,0.0018380755,0.00082307233,0.00016695673,0.03270331,0.1378662,0.9977308,0.0007569037,0.99945194,0.9993666,0.99965906,0.000455912,0.0050440715,0.99921584,0.999201,0.9765387,0.4725773,0.99915886,0.99968565,0.00015557892,0.9873426,0.0021308174,0.99978274,0.16089109,0.9959764,0.9914581
North Indian Vegetables 11,0.00028934563,0.0005350046,0.99965036,0.0045591164,0.9996369,0.9999373,0.9965256,0.00028773167,0.0005964354,4.320299e-05,0.044164628,0.11792996,0.9991235,0.00010345183,0.9996538,0.9997024,0.9996836,0.00013615235,0.0013764834,0.9998604,0.9998184,0.9948296,0.34393844,0.9995426,0.999788,0.00043160105,0.95111305,0.00041485578,0.99994195,0.019643642,0.9991684,0.9983076
Indian Pulses 12,0.00011373921,0.0019308745,0.99955803,0.003184484,0.99985754,0.9985007,0.9996886,0.0005140893,0.0011272571,0.00043065212,0.054565735,0.05660213,0.99951077,0.00011795272,0.9999211,0.9997501,0.99990976,0.0001620917,0.0020879782,0.9997223,0.9999517,0.9952409,0.30701748,0.99889576,0.99988914,0.00016159157,0.9837213,0.00034062448,0.99990404,0.08563868,0.999491,0.99976104
South Indian Vegetables 13,0.00014552193,0.0010097779,0.99980897,0.0022846381,0.9998029,0.99997437,0.99942255,0.00034934634,0.00033545372,0.00014345835,0.05847436,0.1377439,0.9997328,0.00027350357,0.99996424,0.9998154,0.99990296,0.00022907667,0.0016373823,0.99957603,0.9998404,0.9986753,0.3298976,0.99938273,0.99981433,0.000308739,0.9678008,0.00040946246,0.9999018,0.018180758,0.9990056,0.9971335
South Indian Pulses 14,0.0007287133,0.0010666196,0.99997175,0.0016083316,0.9998493,0.0005375661,0.99977416,0.00011829243,0.0035604697,0.9771467,0.0006782825,0.018888399,0.99982566,4.9155617e-05,0.99996805,0.99964535,0.9992669,0.00017189559,0.022550585,0.99996173,0.999864,0.99972445,0.9960437,0.9975284,0.99995124,0.00015697337,0.23957747,0.00010681288,0.9999584,0.015630387,0.99981564,0.9999535
North Indian Pulses 15,0.0005656282,0.0017129455,0.9991398,0.00108792,0.9998976,0.9999169,0.99974054,0.00023349911,0.0020097988,8.175419e-05,0.03234328,0.07326876,0.99972636,3.224878e-05,0.99997926,0.9998956,0.9993674,0.0001968636,0.005744192,0.99981505,0.9998442,0.99912006,0.72521454,0.99834406,0.9999169,0.0014198796,0.99489623,8.757604e-05,0.99983096,0.026183423,0.9992606,0.99877375
North Indian Leafy Greens 16,0.0003100265,0.0022182094,0.99976057,0.003455298,0.99970716,0.99986875,0.99898213,0.0012561148,0.006199306,0.0006439697,0.13508807,0.15265538,0.9981281,0.000249071,0.9994469,0.9996729,0.99911827,0.00068753294,0.0062074903,0.9996437,0.99959224,0.9968225,0.5666713,0.9984836,0.9994273,0.0010587466,0.9215762,0.0008116966,0.999605,0.025975877,0.9990325,0.998206
Indian Seeds 17,0.00013515621,0.0008420078,0.9993868,0.0027240587,0.9998572,0.9998871,0.9996007,0.00021956825,0.0011009056,0.00019020084,0.057534296,0.12259152,0.999534,8.3753854e-05,0.9999566,0.99992454,0.9997218,0.00026932606,0.0021070784,0.99967885,0.99977213,0.99761415,0.45540464,0.9995633,0.99990475,0.00084158906,0.9061906,0.00016968169,0.9998493,0.020566043,0.99937785,0.99965644
Bengali Fruits 18,0.000113340786,0.00030590664,0.99990296,0.0011472295,0.99983597,0.87023693,0.9990464,0.00012789838,0.0011299304,0.036576584,0.03387435,0.06921714,0.99978596,6.508673e-05,0.999861,0.99986935,0.9998109,7.453675e-05,0.0031916366,0.9999728,0.9999802,0.99827516,0.87712234,0.9974232,0.9998498,0.00012539537,0.54941916,0.00012877569,0.99977666,0.04772779,0.9991196,0.99989307
North Indian Pulses 19,0.00045368582,0.0018784838,0.9997266,0.0044293115,0.99962485,0.998838,0.9994937,0.0005074143,0.001007545,0.0004077076,0.039618097,0.13857982,0.99907744,0.00024235318,0.999206,0.9998957,0.99983203,0.0002638469,0.0035313815,0.99955994,0.99993384,0.9978683,0.63859034,0.99896574,0.9996356,0.00054245687,0.9382401,0.0008333101,0.99973077,0.06792192,0.99957937,0.9996505
Bengali Cereals 20,7.9600184e-05,0.00023533522,0.9995447,0.0010152502,0.9997316,0.99981433,0.9995881,0.0007194757,0.00036673268,0.00026216457,0.04731657,0.16636726,0.9990514,0.00016615582,0.9999064,0.9999294,0.9998319,0.00030006055,0.0024681569,0.9996748,0.99968207,0.99842405,0.5189914,0.9992642,0.99966085,0.00038103902,0.9315035,0.00041120453,0.9998939,0.010433619,0.99883825,0.99970275
Bengali Nuts 21,0.00041796532,0.0006419953,0.9998323,0.0034377645,0.99969304,0.9963721,0.9993513,0.002127035,0.003649718,0.0034963554,0.028058989,0.08461869,0.9980202,0.00041936795,0.9999478,0.999212,0.99553466,0.00017633979,0.0035770547,0.9997737,0.9997458,0.99581856,0.6708205,0.99869686,0.9998572,0.00050026434,0.97591,0.00029815425,0.9997409,0.19569977,0.9984189,0.9976453
Gujarati Leafy Greens 22,3.1758816e-05,0.0008133666,0.9997396,0.0014074041,0.9999267,0.9999635,0.9998641,0.00020195858,0.00051122456,0.000114690214,0.06943149,0.03177155,0.9995832,5.343453e-05,0.99993265,0.9999652,0.99952185,0.00053511985,0.0032957944,0.99982196,0.99989235,0.99945325,0.7388354,0.9985885,0.9999479,0.00042400515,0.9888123,0.00038165122,0.99994767,0.012395723,0.99987435,0.9992925
Gujarati Pulses 23,0.0008670832,0.0012682484,0.9998173,0.0009451534,0.99982363,0.9999845,0.99810046,0.0011169374,0.003242032,0.00014990829,0.08635866,0.090451986,0.9995896,0.00011319691,0.9998523,0.9998449,0.99741286,0.000303816,0.018599357,0.99940467,0.9994192,0.9928766,0.68480414,0.99791235,0.99921143,0.0061832657,0.9858667,0.0002000703,0.99941564,0.05661275,0.99948454,0.9980647
Gujarati Leafy Greens 24,0.0002571893,0.0013276675,0.99971336,0.02459021,0.99981946,0.89728445,0.99948883,0.00058025646,0.00070853543,0.02867633,0.018682806,0.19563591,0.9994979,0.00010977111,0.99994063,0.99976,0.99992514,0.00030239826,0.003428367,0.9999385,0.99981517,0.99905664,0.7293367,0.99830675,0.99993014,0.00026370076,0.72893834,0.0002304722,0.99996614,0.04540421,0.99911135,0.9997404
North Indian Dairy 25,0.00026243116,0.0023002853,0.9998534,0.00216766,0.99906343,0.999764,0.9992168,0.0006811821,0.0004194983,0.00024649262,0.020692956,0.15372634,0.999169,0.0001685015,0.9998673,0.9995128,0.99897325,0.00020546089,0.009933891,0.99991214,0.9999242,0.9961553,0.5218067,0.9991523,0.99968266,0.000439749,0.98182905,0.0010492447,0.9996257,0.040070396,0.9990453,0.99976224
Indian Leafy Greens 26,0.00055657513,0.00017072572,0.99985373,0.0054033366,0.99980956,0.99983454,0.999627,0.0006200907,0.0001982201,0.00048771183,0.04793071,0.07018073,0.9991722,0.0001985146,0.999853,0.9998981,0.9998468,0.00013457109,0.0012412949,0.9998542,0.99988484,0.993117,0.5173259,0.99950397,0.9998653,8.587093e-05,0.8923559,0.00030404286,0.9999478,0.039192744,0.99932003,0.9990395
Bengali Seeds 27,0.00021577963,0.00049405266,0.99976784,0.0026561855,0.99982566,0.9994074,0.9993837,0.0011585498,0.0008537946,0.00053180003,0.019555992,0.13268256,0.9982059,9.8380726e-05,0.9998903,0.999777,0.9996259,0.00014622619,0.0016486973,0.9998697,0.99978477,0.99837554,0.45488486,0.9991768,0.9998597,0.00035938682,0.9607214,0.00018636358,0.999897,0.020862931,0.9988325,0.99947184
Gujarati Vegetables 28,0.00011313951,0.00022851626,0.9998994,0.001282157,0.9999019,0.99984956,0.9997433,0.00030138253,0.00051199406,0.0001428937,0.06794205,0.042086102,0.9995277,2.8045208e-05,0.99993527,0.9998479,0.99994326,2.4120383e-05,0.0022219792,0.9998394,0.99995244,0.9996791,0.34355992,0.99947685,0.9999269,6.587991e-05,0.9896255,9.416951e-05,0.9999769,0.018041898,0.9996501,0.99889225
Bengali Vegetables 29,0.000104182036,0.0007908319,0.99998856,0.012139379,0.99994504,0.9996568,0.99979097,7.490635e-05,0.00052530563,0.00018880554,0.040433846,0.13014251,0.999574,6.561363e-05,0.9999825,0.99996483,0.99982834,3.950711e-05,0.0019850186,0.99993193,0.99998546,0.9996252,0.468021,0.9998752,0.9999745,7.284961e-05,0.951768,4.87013e-05,0.99995697,0.015219015,0.99900526,0.99890304
Indian Seeds 30,0.00042566276,0.002189965,0.999108,0.0039554355,0.99963796,0.99940014,0.9992638,0.0002768098,0.003588496,0.003426989,0.023330066,0.11291579,0.99810165,0.0004543852,0.99907815,0.9996195,0.9988116,0.00051367393,0.003916516,0.99951446,0.9998054,0.99524885,0.5028398,0.99932694,0.9995801,0.000928976,0.94671226,0.0010363882,0.9996331,0.020509092,0.9976419,0.99829644
Indian Pulses 31,0.00025293298,0.00053309544,0.9995578,0.011409902,0.9989773,0.99891925,0.99687105,0.000624017,0.0011734549,0.0014239182,0.03421861,0.08193449,0.999461,0.00091773,0.9998522,0.999652,0.9995852,0.000679988,0.0022986957,0.99970907,0.9998584,0.99689627,0.4618621,0.9996112,0.9996203,0.00022515171,0.90672666,0.0013149877,0.9998388,0.01988057,0.9981573,0.9983546
North Indian Pulses 32,0.00019752185,0.0013153708,0.9996475,0.005938614,0.9996567,0.9998896,0.9976174,0.00041484172,0.0025328055,0.00041923963,0.11498994,0.11777833,0.99945825,0.00020143663,0.99976605,0.9996151,0.9977691,0.0002904501,0.026278296,0.99948263,0.999926,0.9961325,0.2960242,0.99881005,0.99977106,0.0008680355,0.94887346,0.0004478793,0.99960643,0.021002404,0.9983321,0.9965804
North Indian Vegetables 33,0.00013048729,0.00031278515,0.9999608,0.001191132,0.9999335,0.9998542,0.99978477,0.00014582419,0.00034499392,0.000551371,0.012417761,0.06326891,0.99919456,3.257068e-05,0.9999225,0.99996626,0.9997632,0.0001326185,0.0014808372,0.9998995,0.999966,0.9977864,0.6102643,0.99978715,0.9999138,0.00013143299,0.9975828,0.00016447096,0.99993324,0.019483453,0.9998436,0.9992562
Gujarati Nuts 34,0.00049649196,0.0020780968,0.99941003,0.004555327,0.99916613,0.9995127,0.9988991,0.0006451627,0.0050607184,0.00046028703,0.15376149,0.17810999,0.9944246,0.000104755236,0.9990544,0.9996958,0.9984249,0.0006041509,0.007666466,0.99969006,0.9993179,0.99113524,0.5752829,0.994885,0.9992112,0.0022075495,0.9366661,0.0016064714,0.99930596,0.012829038,0.9972119,0.9988096
Bengali Nuts 35,0.00011536919,0.004637054,0.99960774,0.0071818307,0.9995123,0.9997261,0.99856526,0.0007705777,0.009235586,0.0005284597,0.06822002,0.1399222,0.99828476,0.00078274484,0.99982554,0.99973935,0.9979558,0.000933011,0.005470789,0.99959165,0.9996598,0.9961748,0.5407595,0.9996289,0.99963236,0.0027066704,0.93395114,0.0009870788,0.9996636,0.0100563085,0.9965843,0.99655294
North Indian Dairy 36,0.00013911523,0.0016668347,0.999757,0.0020561237,0.99968266,0.999908,0.99972767,0.00075185066,0.0014773865,0.00026992374,0.038808603,0.059558194,0.998618,0.00010211283,0.9998617,0.9997495,0.9994848,0.00017185938,0.009601346,0.9990231,0.99973446,0.99724543,0.56057084,0.996759,0.9997501,0.00039189085,0.9676091,0.00018543373,0.99984205,0.017131206,0.99920005,0.99919826
Bengali Fruits 37,0.00064350467,0.0024593617,0.99943227,0.0032426822,0.9994,0.9995345,0.9987425,0.0009462067,0.002268004,0.00069335464,0.0663444,0.13909882,0.9975425,0.00035702216,0.99927646,0.9997259,0.99946004,0.00046608615,0.006013737,0.99975795,0.99929404,0.9916003,0.41980016,0.9993679,0.99927706,0.0005730819,0.95586914,0.00073262025,0.9992632,0.02936782,0.997951,0.99601257
South Indian Cereals 38,8.357953e-05,0.00068972196,0.9997514,0.003278469,0.99977475,0.95244175,0.9991843,0.0013077223,0.0002772588,0.029647687,0.020251572,0.024954839,0.99966204,7.939489e-05,0.9997125,0.9999436,0.9996226,0.00023617162,0.0039029839,0.99974793,0.99998474,0.9991721,0.54799604,0.9998336,0.9999105,0.00028904813,0.86312515,0.0001141201,0.99990463,0.040948465,0.99958605,0.9996289
Bengali Pulses 39,0.00060384517,0.000981429,0.99971825,0.003047803,0.99936396,0.9994398,0.99910295,0.0012951943,0.0018191014,0.00029893985,0.0722082,0.06167494,0.9957788,0.00023194811,0.999337,0.99981123,0.9994098,0.00022446687,0.0021803144,0.9992322,0.9993099,0.98853976,0.6062174,0.99838746,0.99918085,0.00037936235,0.9823611,0.00059052074,0.99957055,0.076071694,0.99933666,0.9953418
Bengali Cereals 40,4.8785852e-05,0.0003241193,0.99988914,0.0016804697,0.9995846,0.99909794,0.99975294,0.00024179996,0.00065053813,0.0016506102,0.03423376,0.081258155,0.99962544,8.27234e-05,0.999951,0.999902,0.999864,9.815892e-05,0.0021769032,0.9998729,0.9999422,0.9994236,0.44381398,0.9978218,0.99977344,0.0001852911,0.9493062,0.00020000545,0.99963784,0.021567665,0.9998721,0.999703
Indian Dairy 41,0.00021755189,0.0003295389,0.9999635,0.0010104385,0.9998215,0.9898319,0.99992836,5.1809922e-05,0.00077249325,0.0046301996,0.01190094,0.035153273,0.999845,1.0912607e-05,0.9999615,0.99995255,0.99983513,3.281808e-05,0.0005569389,0.99989176,0.9999857,0.9990876,0.7819464,0.99924904,0.9999676,0.000316807,0.86397314,0.00018052012,0.999977,0.031532288,0.9996866,0.99996483
North Indian Seeds 42,0.00017902284,0.0010723803,0.999731,0.0015987145,0.9998274,0.9998598,0.9994543,0.00023046254,0.0014221756,0.00042033452,0.032166913,0.089429766,0.9993445,9.3260314e-05,0.9999583,0.99983466,0.9990734,0.0001428655,0.0030473843,0.9998952,0.9999231,0.9983682,0.6489076,0.9995454,0.9998104,0.00034376048,0.98388463,0.0005244094,0.9998541,0.04530889,0.9996997,0.9995641
Bengali Fruits 43,0.00012437518,0.00039232033,0.99998295,0.0003118719,0.9999907,2.0265845e-06,0.9999578,3.8065336e-05,0.0032783349,0.9999653,0.009300052,0.0651812,0.9996749,4.1802574e-05,0.9999156,0.99992394,0.9975132,3.937096e-05,0.01615172,0.99997175,0.9997048,0.9999789,0.99995756,0.99795806,0.99997735,0.00055031205,0.0010832141,1.567156e-05,0.9999846,0.017223122,0.9999645,0.9999366
Gujarati Dairy 44,0.0010371123,0.00198778,0.9996176,0.006090287,0.99923146,0.99809533,0.99929,0.00040027327,0.004029849,0.0010708225,0.022044582,0.017546106,0.9976636,0.00013472233,0.99989414,0.9989574,0.9995432,0.0005362631,0.006286339,0.9994049,0.99976975,0.9830782,0.3805002,0.9969105,0.99966943,0.00034319758,0.9832675,0.002553826,0.9998248,0.08465699,0.99884015,0.9994549
Indian Vegetables 45,3.6441405e-05,0.00074123,0.999511,0.003090563,0.9998666,0.9994394,0.9997762,0.000724156,0.003120566,0.0007054768,0.021467725,0.14038369,0.99947494,3.8656275e-05,0.9999198,0.9997199,0.9985838,6.911142e-05,0.004782037,0.99979156,0.9998394,0.9990351,0.41601017,0.9990589,0.9995974,0.0030914668,0.9409268,0.00017948193,0.9998293,0.033169612,0.9995291,0.9998361
Gujarati Vegetables 46,7.514287e-05,0.0010574114,0.99980015,0.0014192112,0.9997733,0.9995714,0.99984384,0.00012732999,0.0005908132,0.00023212754,0.027033785,0.10802038,0.9990652,8.7475804e-05,0.9999702,0.99993324,0.9995658,0.00019637599,0.0063309222,0.99994075,0.999951,0.99853635,0.4982721,0.9985879,0.9998989,0.00025960658,0.9880647,0.00047783979,0.99995947,0.005803165,0.9993437,0.9997317
North Indian Dairy 47,0.00029256422,0.0026931341,0.99908817,0.003127418,0.9996774,0.99948716,0.99960715,0.0005943094,0.0006793403,0.0007821822,0.065395504,0.08901643,0.9994747,0.00024941794,0.99982315,0.9998683,0.9990723,0.0010893989,0.023246115,0.99962723,0.9997898,0.9969311,0.45889398,0.9959143,0.9995326,0.0016779932,0.9784041,0.0012829474,0.9996706,0.0064688106,0.9990138,0.9996575
Bengali Pulses 48,0.0004682569,0.002522709,0.9995628,0.004747245,0.9997286,0.9963027,0.99932027,0.00044026494,0.00036031014,0.0015940769,0.014653669,0.023946933,0.9995609,4.6899495e-05,0.99987674,0.9998259,0.9997987,5.6862562e-05,0.0019754816,0.9985663,0.99990845,0.9971112,0.4658898,0.9996438,0.99988747,0.0008166097,0.972954,0.00016930804,0.999846,0.04663019,0.99898607,0.99817
North Indian Dairy 49,6.850977e-05,0.0013468118,0.9994124,0.003542899,0.99958664,0.99944395,0.9976574,0.0004859723,0.0013356985,0.00014894425,0.04793886,0.16677706,0.9986332,0.00014958315,0.99982977,0.99989533,0.9997242,0.00017888445,0.0072859963,0.99943167,0.9999026,0.9870379,0.7122455,0.9992293,0.9998235,0.0003852285,0.97091675,0.00082199456,0.99978024,0.010116019,0.99663985,0.99892056
Gujarati Seeds 50,0.00050215196,0.0028541554,0.9997216,0.0014346035,0.9999219,0.00086389954,0.9998727,0.00011771844,0.004385692,0.9891817,0.023465516,0.17341807,0.99775946,6.239357e-05,0.9996873,0.9997098,0.9990245,0.00011466035,0.0045081126,0.9999566,0.9995203,0.99951804,0.9921131,0.998252,0.999969,0.002800879,0.057906754,9.699519e-05,0.99970645,0.07333659,0.999617,0.9998031
Bengali Pulses 51,0.00015333839,0.0037792446,0.9990068,0.0028203963,0.99942917,0.9996784,0.99949527,0.0015409347,0.0012213902,0.0003804688,0.10404943,0.2099946,0.99931777,0.00043524744,0.99964964,0.99982363,0.9993048,0.0005470654,0.007249337,0.99962986,0.9998287,0.9980685,0.49553823,0.99787104,0.99914575,0.0016204949,0.8867285,0.00052687316,0.99977154,0.020634865,0.9985567,0.99905473
Bengali Pulses 52,0.00042134707,0.0009416417,0.99935657,0.0052417074,0.99906594,0.999871,0.9989077,0.00087288895,0.0052206703,0.0012728857,0.12541863,0.17325279,0.994156,0.00027704873,0.9993674,0.99968183,0.9944443,0.0009276643,0.00750175,0.9995827,0.9994199,0.99702007,0.5517857,0.9939142,0.99859244,0.0025355683,0.9888131,0.0006452802,0.9991978,0.038582653,0.99842596,0.9875394
Indian Fruits 53,0.0010229836,0.0029118462,0.99979013,0.0005300029,0.99981433,0.046527587,0.99816495,0.0008161888,0.00039847963,0.9483133,0.0094175255,0.09138557,0.9988758,0.0001185691,0.99989843,0.9999335,0.99829894,0.0005062164,0.0040398557,0.99976987,0.9995447,0.99965644,0.9849091,0.9991584,0.9999244,0.0030304443,0.37139675,0.0016903993,0.9999089,0.03266803,0.9996773,0.99742246
Bengali Vegetables 54,0.0002565834,0.0006544889,0.99972326,0.0018431919,0.99980325,0.9999392,0.9998142,0.0007452857,0.0016119352,0.0002266439,0.0871023,0.13422622,0.9993327,0.00016591421,0.999821,0.999918,0.9991198,0.00017794626,0.007536427,0.9997857,0.9998504,0.9970324,0.49896765,0.99909866,0.99977964,0.0002956159,0.9888404,0.0002760684,0.99995685,0.017730942,0.9992793,0.9987472
South Indian Pulses 55,0.0003533062,0.0010526107,0.9994306,0.0039285324,0.9996289,0.9998901,0.9980679,0.0004652891,0.000774912,0.00096670224,0.04434745,0.15754393,0.9988881,0.000208008,0.99973696,0.99985576,0.9997888,0.000405919,0.0028772466,0.99956745,0.9999114,0.9952903,0.5795054,0.99972683,0.9994369,0.00066539715,0.9110633,0.00061797706,0.9999182,0.024752308,0.99858236,0.9986909
Bengali Vegetables 56,0.0003257186,0.0017517295,0.9993643,0.0037060997,0.9992343,0.9998041,0.99609655,0.00029836607,0.00075729296,7.074706e-05,0.045752537,0.07975158,0.99853253,0.0004316638,0.9998832,0.9998616,0.9994708,0.00014058985,0.0036638821,0.9997452,0.9998745,0.9957045,0.23292652,0.9991197,0.999843,0.0010535145,0.989673,0.00020136173,0.99981576,0.03518509,0.9987037,0.99715257
Bengali Dairy 57,0.00022993951,0.00048859895,0.9996182,0.010745731,0.9996977,0.9973195,0.9994485,0.0006540701,0.00017229434,0.001356757,0.020874077,0.12212619,0.9992588,0.000271006,0.999966,0.99977463,0.99981517,0.00022614891,0.0019226942,0.99982315,0.99991167,0.9991347,0.3085568,0.9993031,0.9998024,0.00026409252,0.7861255,0.0004017435,0.9999355,0.03311661,0.9991892,0.99977607
Indian Vegetables 58,0.00033963026,0.0009477951,0.99991274,0.0006423453,0.9998573,0.7362678,0.9994754,0.00016548952,0.00029042544,0.15336446,0.009346936,0.049519986,0.9995976,0.0004561228,0.9998423,0.9999672,0.9990897,7.374554e-05,0.011190893,0.99971956,0.99991965,0.99916875,0.77529746,0.99834275,0.9997764,0.0012709347,0.769235,0.00015341297,0.9999249,0.0064888904,0.9992779,0.9995492
Bengali Vegetables 59,6.87506e-05,0.0012535457,0.9998338,0.0011205897,0.99985945,0.999816,0.9995695,0.00014890677,0.00081722706,0.00022225695,0.033590663,0.13345699,0.9990608,6.515194e-05,0.9999356,0.99995434,0.9994611,0.00021086937,0.00409961,0.99989116,0.9998354,0.99738544,0.46963435,0.99933785,0.99984884,0.00066983514,0.9710472,0.0001325055,0.99979645,0.008167799,0.9988558,0.9998252
Gujarati Vegetables 60,0.0016906937,0.0010109677,0.9999362,0.0011817242,0.99998033,4.9904153e-05,0.9997217,0.00012359182,0.0010117793,0.9968945,0.015355389,0.10753,0.99933225,4.8025136e-05,0.99997365,0.99969745,0.9909793,0.00021833969,0.0063967616,0.99994504,0.9998828,0.99995875,0.9985104,0.99907696,0.99996495,0.0028447448,0.02465854,0.00016699765,0.9999713,0.030131007,0.9998636,0.99991727
Gujarati Fruits 61,0.002002261,0.0013797593,0.99998724,0.00048289416,0.9999907,1.2692474e-08,0.9995447,0.0001181532,0.003465799,0.99999905,0.0016060248,0.017756497,0.9998466,3.1167772e-05,0.9997812,0.9999633,0.9965083,5.8339203e-05,0.0043454776,0.9998957,0.9994821,0.99995244,0.99988496,0.9976109,0.99994063,0.0012776459,0.0010155089,4.3734326e-05,0.99998236,0.035154775,0.99992585,0.9997111
Gujarati Leafy Greens 62,0.0002636588,0.000985888,0.9998753,0.0015434633,0.99975675,0.98224705,0.9993924,0.00034234923,0.0008885471,0.013154533,0.050289318,0.32378697,0.9988663,0.000107168424,0.999941,0.99978596,0.9994734,0.0005587352,0.0017350229,0.9998511,0.9997497,0.9991333,0.7677495,0.9995927,0.9989146,0.00044953113,0.8227349,0.00030891772,0.99986684,0.02666754,0.99894303,0.9996636
Indian Seeds 63,0.002825763,0.0006723807,0.99946254,0.0058043557,0.9992242,0.999977,0.99786204,0.0004477128,0.0027677657,7.5439755e-05,0.033873834,0.06447765,0.99474853,0.0002832159,0.9995472,0.99962974,0.99954957,0.0006867841,0.0037059672,0.998326,0.99889284,0.9904178,0.37088463,0.99636817,0.9990972,0.00050863606,0.9929998,0.00051119627,0.998747,0.040540535,0.99864835,0.99584097
Indian Cereals 64,0.0020188026,0.0072548543,0.9984871,0.009659819,0.99889034,0.9994343,0.9982919,0.0020160377,0.0007055878,0.0014813436,0.051002316,0.051132917,0.99741155,0.00025353534,0.99985003,0.9996451,0.9992654,0.0014859402,0.004072417,0.9956055,0.99970824,0.9666549,0.59013677,0.9993617,0.99966764,0.00028238626,0.9550164,0.0015761723,0.9991341,0.076484375,0.99490947,0.9947062
Indian Dairy 65,6.5965025e-05,0.00032809188,0.9999542,0.00491089,0.9997199,0.99876475,0.9996195,0.00015020503,0.00036597915,0.0011198331,0.018468613,0.108402506,0.9994604,0.00011728594,0.9998018,0.99985695,0.9996846,0.00012928554,0.0024075327,0.99961615,0.9999794,0.99658895,0.41495785,0.99918836,0.99990976,0.0003736989,0.9161422,0.0006181431,0.9999372,0.047553115,0.99982125,0.9991842
South Indian Cereals 66,0.00023383218,0.0005479426,0.9998858,0.0008114785,0.999788,0.99965227,0.9995466,0.0003067036,0.000114010145,0.0016968432,0.056584824,0.07292714,0.9994128,4.3567405e-05,0.9999033,0.99988306,0.9998821,0.00017609111,0.0018521027,0.99991655,0.99990964,0.995402,0.57367146,0.9984303,0.9998306,0.00018571384,0.9543436,0.00017641933,0.99994564,0.067326695,0.9996105,0.99973625
Bengali Seeds 67,0.00038926178,0.00075752713,0.9998863,0.0041185687,0.99994206,0.0016534305,0.99950075,0.00028629316,0.0007518923,0.96564895,0.001727328,0.06941316,0.9973814,7.205542e-05,0.99992204,0.99956733,0.9969386,0.00027667126,0.008347237,0.9999627,0.9999176,0.9997508,0.96188956,0.99931467,0.9999819,0.001005951,0.06428542,2.1945514e-05,0.9999863,0.009351034,0.9998654,0.9998683
South Indian Pulses 68,0.00016388796,0.00037923054,0.99992085,0.0075228466,0.99978524,0.714453,0.9991357,0.00010187463,9.0716276e-05,0.078163534,0.019300273,0.06980792,0.9997311,7.235252e-05,0.9999021,0.99985075,0.99967957,0.00020116445,0.0013099787,0.9996555,0.9999665,0.99925417,0.9237145,0.99982893,0.9999316,0.00021118224,0.5117957,0.0001723885,0.9999181,0.024593817,0.99708086,0.9995345
Bengali Vegetables 69,0.00028540878,0.0013426315,0.9999485,0.005231015,0.9998254,0.28624877,0.99887234,0.000118742784,0.00033274284,0.20795543,0.019782502,0.11801189,0.9997681,0.000103558916,0.9995159,0.99994063,0.99964535,9.374992e-05,0.0056550344,0.99994683,0.99993837,0.9998567,0.9500527,0.9999143,0.99998116,0.0001260301,0.21262453,0.00017398983,0.9999639,0.034033485,0.9985576,0.999479
Indian Pulses 70,0.00014237523,0.0008126249,0.99976915,0.013566035,0.99973065,0.99912995,0.99928015,0.00032668235,0.00051536516,0.00032358235,0.113002434,0.14417723,0.9992888,0.00012031096,0.99982554,0.99970466,0.9995147,6.130652e-05,0.0015718029,0.99988246,0.99988496,0.998749,0.40148515,0.9997111,0.9996474,0.0005667836,0.92313355,0.00037938962,0.9999232,0.04144677,0.99820185,0.99876827
South Indian Leafy Greens 71,0.0001284665,0.00069477805,0.99995375,0.0010819662,0.99973947,0.99225277,0.99987817,0.00028946623,0.000519219,0.0008971124,0.005742218,0.0585595,0.99942195,9.800067e-05,0.99997246,0.9998281,0.9998944,8.221718e-05,0.0016549218,0.9998124,0.9999387,0.9989242,0.3978912,0.9988142,0.9999629,0.00028160066,0.92264754,0.0001480769,0.9999682,0.04318358,0.99949026,0.9998111
Gujarati Fruits 72,0.00020947785,0.00046607305,0.9994855,0.003010528,0.9989624,0.9998568,0.9983962,0.00025281843,0.0027615328,0.0003095132,0.06280446,0.19628438,0.9984681,0.00010130405,0.99958545,0.9998211,0.9993563,0.0002752484,0.005675126,0.99963415,0.9997634,0.992324,0.68134916,0.99942833,0.9998074,0.00023524076,0.9687584,0.00039914422,0.9997098,0.071858294,0.99942976,0.993562
South Indian Seeds 73,0.0001751016,0.0010235129,0.9993674,0.0012171298,0.99993813,0.9998024,0.99963486,0.00064690516,0.00070391374,0.0001493779,0.09562257,0.13051578,0.9995338,3.6781603e-05,0.9999516,0.99989414,0.99941826,0.00015511706,0.004425091,0.9997577,0.9997814,0.9977245,0.64357555,0.99939024,0.9998636,0.00088098896,0.92785203,0.00018487302,0.99989235,0.05340016,0.99923015,0.9998779
North Indian Dairy 74,0.0023323381,0.00065237994,0.9997485,0.0036019767,0.99977463,0.9928053,0.9997074,0.00094257965,0.00029547443,0.0042054197,0.021180248,0.050560884,0.9992341,0.00024200915,0.99991214,0.9999329,0.9999417,0.0005425885,0.0012617601,0.9998154,0.99992275,0.99825364,0.5354509,0.99944085,0.9998373,0.00019911001,0.65557724,0.00015816603,0.9999565,0.05245871,0.99909854,0.9995165
Indian Nuts 75,2.9694032e-05,0.0001391565,0.99997675,0.000114498995,0.9999969,0.00024089265,0.9997807,1.1683884e-05,0.00018719796,0.99847335,0.0059116124,0.02998017,0.99979395,2.6991943e-06,0.9999727,0.9998684,0.99975795,1.102595e-05,0.0051897694,0.9999875,0.9999213,0.99980813,0.9983365,0.99940205,0.9999893,7.632363e-05,0.14092125,2.62769e-05,0.9999919,0.024788534,0.9999888,0.9998493
Indian Dairy 76,8.117297e-05,0.00068149576,0.9999225,0.0008097262,0.9999492,0.9999865,0.9988412,0.00038862365,0.0004782469,6.200572e-05,0.046590254,0.09099119,0.9995029,1.8920564e-05,0.99995255,0.9999088,0.9995567,0.00029788914,0.005125015,0.9998708,0.9997968,0.9964395,0.5247093,0.998946,0.99975127,0.0005632876,0.993705,0.00011416952,0.99996126,0.019755682,0.9987577,0.9987991
South Indian Leafy Greens 77,0.00022718345,0.0027667524,0.9996177,0.0014868489,0.9999099,0.9998661,0.99906,0.00036975896,0.00029440114,0.00023002547,0.06314868,0.14124562,0.9983322,7.174982e-05,0.9998229,0.9997594,0.9997074,6.971616e-05,0.00077542686,0.99973387,0.99986935,0.99725467,0.5212846,0.9999132,0.9998203,0.0001696668,0.96869206,9.897693e-05,0.9999503,0.03994042,0.9995364,0.9969471
Gujarati Leafy Greens 78,0.00021212752,0.0009170552,0.9989857,0.013502048,0.9996964,0.99977845,0.99806327,0.0014785666,0.00077081047,0.0002792197,0.017682051,0.14525956,0.9991555,0.00017086577,0.9996743,0.9996252,0.9993649,0.0004934667,0.001542836,0.9997038,0.9999435,0.9970163,0.31569374,0.9999119,0.9998466,0.00029592495,0.95846045,0.00083479437,0.9999083,0.054038,0.998684,0.998811
Indian Leafy Greens 79,0.0010872948,0.001094448,0.99943084,0.015046422,0.99893683,0.9968148,0.9974496,0.0020078938,0.0026514437,0.007597711,0.017205833,0.028662803,0.9983657,0.00092198956,0.9996631,0.99976367,0.9996106,0.00027073277,0.0037396583,0.99941385,0.9996728,0.9961158,0.37419155,0.9981687,0.9995059,0.00048048177,0.9226052,0.00064172916,0.9985923,0.05562134,0.9982383,0.99793136
Indian Vegetables 80,0.00024187258,0.00040066015,0.9994849,0.0034294364,0.9999206,0.9964024,0.9996637,0.00014138682,0.00060347293,0.005401951,0.014405141,0.0895595,0.9995425,0.00029279554,0.9999075,0.99994886,0.99977046,0.00013167584,0.0047541256,0.99984884,0.9999298,0.9969963,0.5663588,0.9996394,0.9999089,0.00042947964,0.82005304,0.0002376847,0.9999274,0.008751392,0.9986702,0.99982303
South Indian Dairy 81,0.0002054413,0.00042598447,0.9998667,0.011125748,0.9998809,0.9959193,0.9992993,0.00048614742,0.0008017,0.014701907,0.0246997,0.03980981,0.9987577,0.00018934299,0.9999584,0.9998858,0.9999374,0.0003051359,0.002275299,0.99988496,0.9999912,0.9993531,0.48703042,0.9998103,0.9998086,0.00023774408,0.9025148,8.572684e-05,0.9999255,0.018751007,0.9996289,0.9990176
Indian Fruits 82,0.00027637492,0.0005143868,0.99957806,0.005397784,0.9999039,0.9982999,0.99969506,0.0001492633,0.00018527148,0.0024242522,0.014599087,0.06119261,0.99954283,0.00041010624,0.99975353,0.9996927,0.999861,0.0002385292,0.00038446047,0.999678,0.99997044,0.9838181,0.70552826,0.99978644,0.9999236,0.00013062896,0.85108733,0.0001678325,0.9998758,0.15678638,0.99956185,0.99981743
Indian Nuts 83,0.000115058596,0.00036353464,0.9999155,0.002886921,0.9999521,0.93846285,0.99981874,0.00017429086,0.0004315515,0.051229566,0.018578885,0.043307904,0.9999261,5.0549806e-05,0.99993443,0.9999155,0.9998393,2.0317368e-05,0.0010715997,0.99997246,0.9999788,0.9994937,0.8615328,0.99958175,0.9999188,0.0002248788,0.778643,0.00019009097,0.99997175,0.045367025,0.9997851,0.9999199
North Indian Fruits 84,0.00034438237,0.0008799273,0.99947435,0.0034768854,0.9998037,0.9997888,0.9997154,0.000101719415,0.00066461606,0.00016189631,0.025646234,0.067382835,0.99887496,0.00018027551,0.99982977,0.9993309,0.9992017,9.29174e-05,0.00976873,0.9997273,0.99990165,0.99882835,0.4944311,0.99970526,0.9997905,0.00085679005,0.9684212,0.00040896548,0.99986124,0.08570979,0.9982399,0.99967456
Bengali Vegetables 85,5.9155376e-05,0.00031131285,0.9999052,0.0054433933,0.9998412,0.9998252,0.99906415,0.00032387217,0.000214554,0.0002681991,0.049789116,0.07342267,0.99925834,5.0834387e-05,0.99986184,0.99992204,0.9998167,2.9817893e-05,0.001347631,0.99985087,0.9999598,0.99686277,0.43022642,0.9997936,0.99993014,7.357429e-05,0.9492522,0.00015864786,0.9999689,0.032148194,0.99956983,0.99960655
North Indian Vegetables 86,2.7928654e-05,6.349276e-05,0.9999733,0.0018490102,0.9998859,0.99358857,0.99941146,0.00036670314,0.00038610978,0.0015248206,0.013866244,0.015708743,0.9995883,1.4947116e-05,0.9999534,0.99986744,0.99994516,9.6856646e-05,0.0027860247,0.9998647,0.99996257,0.9998233,0.5518081,0.9998115,0.99995863,0.000121539335,0.8988978,0.00012686085,0.99997365,0.059480857,0.99791175,0.9998085
Bengali Fruits 87,0.00027620926,0.0008447945,0.99969304,0.0055968743,0.99929357,0.99957055,0.9997459,0.0010282794,0.0028746785,0.00078854983,0.03367281,0.16851442,0.9994905,0.00030657637,0.9993135,0.9993754,0.99893755,0.00031674447,0.0037432276,0.9997559,0.9999019,0.99302036,0.5530133,0.9986958,0.9997634,0.000636631,0.9002718,0.00037946287,0.9997352,0.05868203,0.99948174,0.99880016
South Indian Vegetables 88,9.406783e-05,0.00020394163,0.99988675,0.00022245581,0.99990356,0.99959356,0.9996147,0.00026734156,0.00013888236,0.0008984139,0.00994898,0.061789036,0.9996314,2.7240916e-05,0.9999429,0.99988246,0.99984825,2.4377368e-05,0.0010567774,0.9999664,0.99997544,0.9988206,0.6218383,0.9996245,0.9999112,0.0001841136,0.9590081,0.00015977962,0.9999683,0.039785422,0.9998568,0.9998721
South Indian Dairy 89,0.00052857795,0.00061929924,0.9997899,0.0016820887,0.999876,0.10655578,0.9975789,0.00028692055,0.0004806678,0.5561098,0.019935887,0.09093973,0.9997714,0.00016615803,0.9996972,0.9998437,0.9998272,4.39217e-05,0.0058743367,0.99991286,0.9999634,0.99942017,0.8892133,0.99929667,0.99994445,0.00042586506,0.26606628,0.0001590027,0.9999831,0.042557262,0.99871016,0.99800104
Bengali Leafy Greens 90,0.0003256363,0.00047670578,0.99963105,0.006191171,0.9995784,0.9996611,0.9991836,0.00017352626,0.0006592847,0.0009003914,0.1460138,0.05742615,0.9992085,0.00015956754,0.9993759,0.9998574,0.9998087,8.195277e-05,0.0027157082,0.9996736,0.999964,0.9909662,0.3021564,0.99815506,0.9996774,0.00016721769,0.9467892,0.00027699987,0.9999831,0.017984072,0.9988997,0.99957556
Gujarati Leafy Greens 91,0.00016454027,0.00091560197,0.99966955,0.002064902,0.999551,0.99985707,0.99936825,0.00063432707,0.00065326,0.00030971452,0.06355351,0.18224724,0.9975541,0.00013627742,0.9997937,0.9998134,0.9995946,0.00016443268,0.0053057666,0.9997086,0.9997539,0.9941955,0.3913523,0.9979631,0.9997569,0.0007280452,0.92768663,0.00014375852,0.99989223,0.029315935,0.99868196,0.99958163
Gujarati Pulses 92,0.00012162049,0.00071946543,0.9998623,0.0031034637,0.999684,0.9989453,0.99583995,0.00084814086,0.0010343164,0.0008958794,0.062152214,0.026401155,0.9992736,4.784334e-05,0.999686,0.99988556,0.99973696,0.00013906497,0.0023642057,0.9993586,0.9999274,0.99739206,0.4617695,0.9994282,0.9996879,0.00024151886,0.9789227,0.00070292497,0.99992216,0.04953958,0.99938464,0.9992781
North Indian Nuts 93,5.387893e-05,0.00071664475,0.99998605,0.00037209707,0.9999963,8.016028e-09,0.9998696,8.696699e-06,0.00010765781,0.9999994,0.0046118395,0.048477598,0.9999701,3.742017e-06,0.99999356,0.9999722,0.9919699,7.448098e-05,0.0015816017,0.9999906,0.9999428,0.9999989,0.99995077,0.9995179,0.9999944,0.0009874644,0.00074247253,7.3284796e-06,0.99999285,0.011068819,0.99988294,0.99993384
Gujarati Leafy Greens 94,0.0010667305,0.0017924535,0.99926656,0.024276955,0.9993211,0.99948287,0.9993499,0.0032371324,0.0009590962,0.00046372565,0.023733247,0.03492135,0.9984118,0.00057207205,0.9994585,0.9989146,0.9981232,0.00027487366,0.01030104,0.99953485,0.9995209,0.9959561,0.5286285,0.99938786,0.9997793,0.0010196412,0.98531187,0.00064304576,0.9998035,0.13126676,0.9991973,0.99798715
Gujarati Cereals 95,0.00019301486,0.00039509582,0.9998109,0.0020838552,0.9998652,0.99942064,0.9996991,0.00036929446,0.0025286938,0.00067828776,0.027695574,0.067324914,0.9986619,0.00015231888,0.9998908,0.99961877,0.99931383,0.00047824325,0.005314521,0.99980015,0.99985826,0.9980804,0.5499058,0.9997099,0.99974376,0.00013469715,0.98860127,0.00065781944,0.9998209,0.035729017,0.99906677,0.99769753
Indian Leafy Greens 96,0.00015847324,0.001047926,0.9999517,0.0013400906,0.99991333,0.9998073,0.9997329,0.00030477278,0.0013750663,0.0001355319,0.029394077,0.053033583,0.99967813,3.8315466e-05,0.999951,0.99990535,0.9999119,0.00011111767,0.010325536,0.9998642,0.999959,0.9981477,0.4410216,0.99935585,0.99994564,6.3719424e-05,0.98223853,0.00016372098,0.9999751,0.03844612,0.9996675,0.9998228
Gujarati Fruits 97,0.0005832682,0.0009339769,0.9997608,0.0010879262,0.9997837,0.9999349,0.9998242,0.0004096522,0.00463902,0.00043806437,0.07982222,0.08871864,0.9997372,4.1488544e-05,0.9999335,0.99994206,0.9989531,0.00014567423,0.011212432,0.99977607,0.99996054,0.99914527,0.5401792,0.998538,0.999843,0.00035710455,0.9894911,0.00031213992,0.9997788,0.032703515,0.9999249,0.99921095
Indian Vegetables 98,0.00041998565,0.0024856818,0.99945456,0.00094787957,0.999577,0.9996189,0.99889046,0.0012302739,0.00039061395,0.00026927344,0.053073466,0.12383607,0.9992944,9.6416516e-05,0.9996716,0.999846,0.99951875,0.00020254984,0.009817217,0.99970657,0.99966395,0.9946451,0.2766658,0.9950577,0.9998485,0.00038235952,0.9765885,0.00092417165,0.99971586,0.023309765,0.9984952,0.99960977
North Indian Seeds 99,8.4790496e-05,0.00031687948,0.9999511,0.0029718194,0.99969816,0.0013156127,0.99928814,0.00022713105,0.00013169793,0.9930621,0.033751316,0.09402308,0.99933296,0.00016781587,0.999846,0.9998778,0.9986953,0.00023994708,0.004358618,0.99987555,0.99968743,0.99994826,0.9759085,0.999451,0.9999685,0.00051488297,0.034593094,0.00010024623,0.9999839,0.01596196,0.99982977,0.998553
Gujarati Dairy 100,0.0006046382,0.0007362622,0.99951136,0.0010324947,0.99918956,0.9437955,0.99870455,0.00049870746,0.00041509254,0.020014517,0.027940253,0.06706937,0.9980388,0.0001689734,0.9998398,0.99918216,0.9996445,0.00012075116,0.0030163326,0.9998907,0.9995609,0.9964056,0.6960608,0.9994361,0.9997892,0.00034974705,0.8519807,0.00074382516,0.9999206,0.17602114,0.9995378,0.9991571
Bengali Fruits 101,0.0006764299,0.0002352329,0.9999378,0.0015010536,0.99987614,0.9830084,0.99896586,0.00037575513,0.0009073586,0.010613575,0.033380263,0.0828149,0.9988883,0.0004520831,0.99987364,0.99992394,0.99989843,0.00014639177,0.0005979033,0.99989974,0.9999161,0.99166286,0.8923743,0.9990778,0.9998092,7.8041354e-05,0.96743673,0.00047454025,0.99968946,0.0378085,0.9994941,0.99813545
Gujarati Pulses 102,0.0002769703,0.0006174101,0.9997403,0.001743397,0.9994754,0.9999825,0.9996643,0.00019349302,0.0024708868,0.000113186994,0.06526253,0.10668448,0.9988875,0.00010733011,0.99986136,0.9998362,0.9993869,9.196241e-05,0.0019216568,0.999798,0.9997545,0.9972045,0.5350626,0.9993419,0.99972767,0.00020970665,0.9892406,0.000267206,0.99992883,0.035944834,0.99973565,0.99923766
North Indian Vegetables 103,0.00047460085,0.0011602843,0.9999502,0.0019571418,0.99990726,0.999887,0.9997408,0.0001474239,0.00041316758,0.00092971354,0.028672978,0.1837594,0.99906284,6.416229e-05,0.9998869,0.9999695,0.9991732,0.00014086724,0.002303654,0.99984455,0.99995446,0.997589,0.49307373,0.9998209,0.9999175,0.00017380313,0.9623023,9.992517e-05,0.9998945,0.017841911,0.99935037,0.9989875
Bengali Seeds 104,0.0007032395,0.0014387901,0.9996623,0.0043790876,0.998473,0.99966013,0.99936026,0.0022345218,0.00039499134,0.0018488871,0.06875299,0.07852586,0.9993223,0.0002889495,0.9998054,0.9998455,0.9995807,0.00060928316,0.017432053,0.99973243,0.99989307,0.9988772,0.25677326,0.99969625,0.99951816,0.0001229009,0.8409932,0.00011372099,0.99978274,0.097820885,0.99844307,0.9971023
Gujarati Dairy 105,0.00031080155,0.0025259806,0.99926335,0.002426718,0.9980952,0.99742043,0.99801624,0.0021031578,0.007074405,0.0010466215,0.057251014,0.26795676,0.9990213,0.0014857025,0.9996984,0.999255,0.99888366,0.00040234733,0.016424388,0.99964905,0.99920875,0.9904074,0.38977033,0.99633056,0.9985833,0.0007443307,0.94114804,0.0009900394,0.9996861,0.016604876,0.99810445,0.9994885
Indian Vegetables 106,1.863386e-05,0.00014760507,0.9999174,0.0011868502,0.9999584,0.999286,0.9999175,2.322375e-05,5.384036e-05,0.0007033578,0.015861185,0.054249287,0.9998857,7.2613184e-05,0.9999877,0.99992466,0.99987674,1.2273944e-05,0.0003576555,0.99997425,0.99999154,0.9999279,0.5934114,0.9994691,0.99995327,0.00022938418,0.9733488,6.1947154e-05,0.9999814,0.03751529,0.99989617,0.9999672
Bengali Dairy 107,3.3598073e-05,0.0004973014,0.999908,0.002570566,0.99967706,0.99962914,0.999453,7.069365e-05,0.0005329982,0.0006034413,0.05136401,0.09394977,0.99956506,0.000640726,0.9999522,0.9999198,0.99983525,5.0236722e-05,0.0010074702,0.99995244,0.99996006,0.9996037,0.6047436,0.99961615,0.9999459,0.00011281642,0.9184434,0.0002164687,0.9999888,0.020249562,0.9997749,0.9996222
North Indian Nuts 108,0.00018349198,0.0031853907,0.99990606,0.00380223,0.99994206,0.99998033,0.99947244,0.0002457687,0.0065263654,2.6491933e-05,0.03407563,0.19375637,0.99904865,4.4293698e-05,0.99988866,0.9998573,0.9988054,0.0007929698,0.005383569,0.9996686,0.99992347,0.9970329,0.6049516,0.9991774,0.9999306,0.00019396479,0.9898403,0.00029673887,0.99991953,0.030579591,0.99968815,0.9981723
North Indian Dairy 109,0.0026897385,0.0035862783,0.9991117,0.010243413,0.99730104,0.9921495,0.9951723,0.001856253,0.0014607821,0.006085229,0.057213295,0.15587568,0.9967816,0.00086761545,0.9991027,0.9967976,0.99870133,0.00021705525,0.006012586,0.99913543,0.9995958,0.9875624,0.5336498,0.9962794,0.99894685,0.0002388683,0.907546,0.0013450332,0.9996749,0.06842315,0.9994655,0.99025047
North Indian Cereals 110,0.00022760149,0.00033885194,0.9998424,0.00029383303,0.99986804,0.9999826,0.9997478,0.00016954681,0.00045155338,5.8374375e-05,0.04967266,0.12219016,0.9998472,4.1734576e-05,0.99995863,0.99996626,0.99952066,9.942655e-05,0.007865904,0.9997975,0.99975044,0.9973091,0.57365215,0.99960023,0.99975246,0.0007484454,0.98970944,0.00020615026,0.9999405,0.035556864,0.9995616,0.99821776
North Indian Nuts 111,0.00023668626,0.003636476,0.9995751,0.0054167015,0.999423,0.38286152,0.99883467,0.00028540363,0.0003078135,0.20489068,0.0147607215,0.18057448,0.9985331,0.00013520442,0.99991226,0.9998017,0.99985206,0.00050626684,0.0017283774,0.9999119,0.99991524,0.99911016,0.78917176,0.99766195,0.99956256,0.00015531597,0.48181316,0.00063148775,0.99979717,0.055132676,0.99968433,0.9997601
North Indian Fruits 112,0.00014102166,0.0006904428,0.999913,0.0014038179,0.9998511,0.006229302,0.9995946,9.7967684e-05,0.00092069514,0.9873553,0.0031143082,0.025694644,0.9992613,4.105874e-05,0.99990594,0.9990989,0.9986224,0.00017075699,0.0008835723,0.9998658,0.9988317,0.99988246,0.9973686,0.99949574,0.999944,0.00035453113,0.15314104,0.001696369,0.9999329,0.036090266,0.9999281,0.99927324
Indian Seeds 113,0.0016382704,0.0018004656,0.99840397,0.0047587757,0.99949574,0.9990727,0.9991615,0.001434999,0.000716072,0.0017238861,0.076234415,0.14701375,0.99866915,0.0014121493,0.9996722,0.99973065,0.9995047,0.0010843277,0.0072569735,0.99916637,0.9998085,0.9951982,0.41857275,0.9993536,0.9997954,0.0006467045,0.834665,0.0009198318,0.9995633,0.090936005,0.99805343,0.99800855
Bengali Leafy Greens 114,5.0907987e-05,0.00022687913,0.9997789,0.0037431351,0.9995726,0.99965477,0.99845684,0.0003224703,0.0025914267,0.00037128775,0.026955446,0.105726674,0.9987197,0.00019594186,0.9996131,0.9999114,0.99980146,0.00015149527,0.00049988466,0.9998272,0.9999243,0.9911363,0.49238595,0.99846387,0.99975663,0.00015938324,0.9017838,0.00062827754,0.9997677,0.01310952,0.9993437,0.99966073
South Indian Fruits 115,0.0002700002,0.0010992513,0.9995351,0.010069836,0.9995871,0.99961567,0.997598,0.00056896324,0.0014284838,0.00051622477,0.041805785,0.15092987,0.99965215,0.00025077927,0.99959475,0.9999341,0.9996617,0.0003305294,0.00218455,0.9997743,0.99990153,0.99759394,0.54059595,0.9998416,0.99977785,0.0002647346,0.65419686,0.00021246007,0.9999033,0.02776783,0.9989027,0.9993562
Indian Fruits 116,7.228225e-05,0.0006524349,0.9997998,0.0014812724,0.9991258,0.9988379,0.99958545,0.0001043616,0.0010575836,0.00495561,0.110694885,0.18499577,0.9992231,0.00056473847,0.9998976,0.99982053,0.99789906,0.00018660507,0.039819352,0.99987197,0.9997099,0.9963831,0.50933236,0.99961096,0.9994568,0.0005243114,0.8084712,0.0010060099,0.9999567,0.020466117,0.99706787,0.99594057
Indian Vegetables 117,4.0711464e-05,0.00026046217,0.9999356,0.0033762464,0.99973446,0.9988751,0.9996722,0.0002138596,0.0011070779,0.0006307104,0.034573678,0.04826307,0.99934524,1.162988e-05,0.9999887,0.99996305,0.99990356,9.075574e-05,0.003071345,0.9996357,0.9999809,0.9995003,0.5614502,0.99958676,0.99991834,0.000118712895,0.8794839,0.00022738977,0.9999517,0.031291213,0.9997148,0.99978703
Gujarati Fruits 118,0.00018809419,0.00076012313,0.9997135,0.0033026575,0.99977964,0.9998987,0.9989243,0.0007616941,0.00053846324,0.0002357718,0.046524752,0.22105226,0.99953294,0.0002462629,0.999826,0.9999044,0.9996106,0.0006188865,0.0019290368,0.99981445,0.9995384,0.99751556,0.55984277,0.9991953,0.99981135,0.00039339738,0.9369931,0.00015559791,0.9998516,0.015120982,0.99907047,0.9984438
South Indian Leafy Greens 119,0.00054187677,0.00107681,0.99985623,0.0010897415,0.9992884,0.9997873,0.99987864,0.0003200312,0.0037429945,0.0008204119,0.045779515,0.01995188,0.99934596,0.000105754894,0.9999163,0.99986315,0.9994142,5.6515284e-05,0.016111052,0.9996488,0.9999114,0.9987816,0.61425894,0.99225736,0.9973564,0.00024541907,0.9972011,0.00023470062,0.9999101,0.037296828,0.99926823,0.99854666
South Indian Dairy 120,0.0003134798,0.00017529487,0.9999422,0.00063105876,0.99987257,0.7371193,0.99935454,0.00012474945,0.00010496213,0.21944931,0.03852144,0.12386123,0.99886465,3.2005304e-05,0.9999236,0.9999609,0.99994075,5.6292494e-05,0.00036927426,0.9999577,0.99997413,0.9999275,0.9190626,0.9997776,0.9999517,0.000110464876,0.33039743,9.795462e-05,0.99992967,0.05600822,0.9993099,0.9996138
Gujarati Fruits 121,0.000116298776,0.000682524,0.9997682,0.0017262257,0.99990106,0.9999161,0.99925166,0.0004894296,0.001043911,0.00010537037,0.07152657,0.04843937,0.9995159,5.5370783e-05,0.9998621,0.9998466,0.9992741,0.00014787145,0.009482371,0.99986565,0.99981314,0.99709785,0.5375607,0.999126,0.9999348,0.00058890815,0.98193973,0.0003750249,0.9999387,0.027589368,0.9994641,0.9982987
North Indian Seeds 122,0.00058991514,0.0019880533,0.9994419,0.0023130167,0.9994223,0.99862266,0.9996673,0.0005273598,0.00045042267,0.0044103623,0.10985198,0.29700968,0.9969983,0.00034512352,0.999783,0.9995803,0.99913615,0.00075926457,0.0049943374,0.9989078,0.999519,0.9970553,0.5594587,0.9940455,0.99967813,0.00050577056,0.865803,0.0007986397,0.9999064,0.011486423,0.9980118,0.9984962
Bengali Nuts 123,7.111021e-05,0.00064300164,0.999912,0.0029096897,0.99987006,0.99957615,0.9998857,6.594622e-05,0.0007758012,0.00023956716,0.04543704,0.11358045,0.99972993,0.000114209375,0.9999076,0.9998958,0.99972004,3.8142516e-05,0.004987359,0.99986076,0.99996984,0.9963152,0.6377192,0.9993461,0.9998894,0.00028890735,0.9408393,0.0003125261,0.99994946,0.0301973,0.9992975,0.99987423
North Indian Cereals 124,0.0005722424,0.0016863196,0.9992137,0.005552491,0.9997173,0.99989045,0.9994124,0.0008349037,0.008599771,0.00032731707,0.12423064,0.043089747,0.9972408,0.00025143765,0.99970007,0.99981946,0.99796754,0.0006519271,0.011677331,0.99879456,0.999772,0.99628264,0.72053343,0.9982426,0.9993849,0.0025256972,0.95596594,0.00060873554,0.9998344,0.11362231,0.99597615,0.995689
Indian Dairy 125,0.00076461147,0.0017356217,0.99962795,0.0022534614,0.99926096,0.99984336,0.9989215,0.0006435954,0.0029582023,0.00226168,0.046949554,0.10231426,0.99882835,0.000300883,0.9995585,0.99973994,0.9945813,0.0005684949,0.011266694,0.99943167,0.9997141,0.98380315,0.36072588,0.9970861,0.9994254,0.0006088847,0.9808131,0.00018097924,0.9986534,0.06477933,0.999226,0.9975011
South Indian Nuts 126,0.00061610335,0.005078938,0.99947375,0.0027367806,0.9995846,0.9989235,0.9984669,0.0022202516,0.004785778,0.0015203615,0.0676892,0.18758899,0.999089,0.00022010358,0.9998455,0.99957305,0.99820733,0.0004569118,0.025101764,0.99940324,0.9997545,0.99083954,0.35304716,0.9981674,0.99908996,0.0013888685,0.9724335,0.0007784301,0.99944466,0.016949274,0.998214,0.9986052
North Indian Cereals 127,6.046049e-05,0.00093822513,0.99988306,0.0009171819,0.99995196,0.98549855,0.99918574,0.00029569454,0.0028047161,0.002440549,0.011324565,0.033529043,0.9997286,0.00010228239,0.9999163,0.99983954,0.9996786,0.00020458942,0.003142603,0.9996307,0.99996305,0.999238,0.47868544,0.99922836,0.99972564,0.0004259154,0.9077492,0.00023962266,0.99994063,0.06351571,0.9986307,0.99977523
Gujarati Dairy 128,0.000130854,0.00041372175,0.99959975,0.0014722996,0.9995772,0.9990268,0.9992312,0.00045860218,0.00097431714,0.0012016115,0.03538835,0.07854401,0.9990632,0.0001619499,0.9998368,0.9998274,0.9995433,0.00016862252,0.005122793,0.9996828,0.9997104,0.9956781,0.4749873,0.9984138,0.9996817,0.00038835756,0.98135763,0.00036844367,0.99991345,0.04504481,0.99945325,0.99919003
Bengali Vegetables 129,0.00075028173,0.0051600295,0.99984837,0.002663265,0.99943906,0.9993113,0.9993606,0.00093345786,0.019717263,0.00032467968,0.17876783,0.1636627,0.99840945,0.00016334691,0.99978703,0.99955636,0.9968599,0.0003448721,0.029397242,0.99900335,0.99952984,0.9963224,0.37950087,0.99423933,0.99941826,0.00093220785,0.9209566,0.0022812812,0.99985266,0.07226052,0.9983663,0.99710995
Indian Seeds 130,0.00014267272,0.0009114237,0.9997818,0.0016833104,0.99990666,0.99910563,0.9978022,0.00038031503,0.0002142049,0.0005451488,0.036128957,0.06316583,0.9996289,5.21533e-05,0.99993765,0.9999578,0.9998553,0.00010668869,0.0017921706,0.9998548,0.9999689,0.99776185,0.5381846,0.9998567,0.99979,0.00014624625,0.98293144,0.00014915859,0.9998809,0.16962889,0.9986228,0.9985983
Indian Nuts 131,0.0001437655,0.0004520803,0.99996436,0.0016725344,0.99998295,6.5849207e-07,0.999648,2.0283082e-05,0.00081110466,0.9999578,0.001633848,0.09300436,0.9997993,1.1786149e-05,0.9999541,0.99995506,0.99933726,7.5074044e-05,0.002893773,0.99995995,0.99997747,0.9999896,0.9994869,0.9979665,0.99997914,0.0061894925,0.021982135,7.724264e-06,0.99997413,0.01142676,0.9999821,0.9998056
South Indian Leafy Greens 132,0.00020963227,0.00025458325,0.9998573,0.009777558,0.9997038,0.097972944,0.99980825,6.736985e-05,0.000689396,0.7719544,0.02418358,0.28188103,0.9991097,0.0001918803,0.99978656,0.9999701,0.99854976,0.00020486896,0.00449648,0.99983823,0.9999205,0.9998173,0.9657507,0.9997415,0.9995357,0.00048917846,0.16433847,0.000396713,0.999923,0.044191476,0.99872357,0.99950004
Bengali Fruits 133,3.2228334e-05,0.0011912289,0.9999242,0.014219311,0.9997639,0.9933596,0.9996731,0.00015047856,0.00020438666,0.0069964933,0.018107897,0.07747127,0.99991524,0.00021619168,0.99998486,0.9999262,0.99977285,0.00011961295,0.0021883491,0.9998449,0.999987,0.9979115,0.36445254,0.9999529,0.99985087,4.7838275e-05,0.7218465,0.0001388187,0.9999243,0.056052517,0.9983205,0.99936754
Indian Cereals 134,0.00011319141,0.0007656884,0.999811,0.003298093,0.9998061,0.99992895,0.99963987,0.00016712777,0.0028201856,0.00020819253,0.0986396,0.1760866,0.99973184,6.976651e-05,0.9999273,0.9999597,0.99978405,0.000105562656,0.0058152573,0.999944,0.99992275,0.99625164,0.4568031,0.99824476,0.99996495,8.304651e-05,0.9484264,0.00017155157,0.9999089,0.01722823,0.99776864,0.9993156
Gujarati Seeds 135,0.00035496266,0.0003001212,0.9997323,0.0013450953,0.9999343,0.99995935,0.99961483,0.00014048681,0.0006720953,0.00023101585,0.0140095,0.053553373,0.99982256,4.179145e-05,0.99991107,0.9999577,0.999899,0.00015124054,0.001157278,0.99987304,0.99991226,0.99859375,0.4014824,0.99943525,0.99984396,0.0003933198,0.9844787,0.00012732767,0.99996495,0.01701043,0.99956113,0.9996247
North Indian Fruits 136,0.00026673003,0.0005329784,0.9989353,0.010614896,0.99948174,0.999861,0.9977545,0.0013545866,0.0008259195,0.0004624345,0.037383284,0.115999095,0.999305,0.00015509383,0.99982244,0.999747,0.9999014,0.00051642855,0.0009630371,0.9996038,0.99975795,0.99173564,0.49580184,0.99966204,0.999366,0.00019837968,0.7142876,0.00092739786,0.99966156,0.035824686,0.9988772,0.99641716
North Indian Dairy 137,0.0005373181,0.003845124,0.9999201,0.0008725571,0.99992347,0.00022066399,0.99961615,6.892109e-05,0.0008710689,0.9949085,0.008259203,0.053964067,0.99958867,0.00012345931,0.9998933,0.9998653,0.9972228,4.371169e-05,0.03113735,0.99987614,0.99984705,0.9998809,0.9964868,0.9987173,0.9999242,0.0008153481,0.110579714,0.00038396346,0.9998097,0.07668195,0.9997056,0.99977845
Bengali Dairy 138,0.00013523588,0.00062015775,0.99972934,0.001638534,0.9994727,0.9994498,0.99942064,0.0013753414,0.0019490431,0.0009064335,0.069832,0.088043585,0.9980227,0.00017869608,0.999691,0.99982697,0.99840575,0.001201215,0.020720616,0.9995881,0.9996959,0.9966204,0.38383818,0.9988777,0.99982077,0.0017564812,0.99311054,0.0006284476,0.99981433,0.079880156,0.9991466,0.9965501
Gujarati Vegetables 139,0.00012352031,0.0020080332,0.9998883,0.0031010793,0.9995467,0.9998272,0.99985695,0.00030444603,0.00018850516,0.00023201822,0.0555872,0.10843883,0.999551,0.00034813565,0.9998147,0.99990225,0.9989766,0.0006559169,0.007114396,0.9989913,0.9998654,0.9951617,0.5755217,0.9995621,0.99973756,0.00036711694,0.9680208,0.0003694737,0.99983954,0.11927932,0.9990472,0.9946883
Indian Dairy 140,0.0007760867,0.0026464134,0.9995347,0.0047601624,0.99913615,0.99899155,0.99621433,0.00088018633,0.0041245734,0.00074177055,0.10286373,0.15998916,0.999257,0.00028044323,0.9991917,0.99947065,0.9976967,0.000589799,0.018751355,0.999668,0.9995671,0.9945952,0.42322657,0.9949325,0.999739,0.0016247891,0.99562824,0.0007251048,0.99969125,0.05829334,0.99908483,0.9962508
North Indian Vegetables 141,6.991636e-05,0.0004594944,0.9999293,0.0007437319,0.9999317,0.9988175,0.9998511,0.00010059201,0.00035914624,0.0013923832,0.013128931,0.01854758,0.9992988,5.032639e-05,0.9999336,0.99989617,0.99994147,4.355366e-05,0.0017856633,0.9999504,0.9999757,0.9988098,0.4711344,0.99980015,0.9998344,0.0002283342,0.98370314,0.00032548144,0.9999795,0.060197257,0.99972326,0.99972326
North Indian Nuts 142,0.00036542938,0.0011378467,0.9991559,0.00259901,0.9999242,0.99591607,0.99977976,0.0002048715,0.0012097342,0.006017273,0.014307405,0.052306436,0.99976057,0.00018873913,0.99982506,0.999764,0.99978906,0.00040784891,0.0033639658,0.9998659,0.9999505,0.9986016,0.38867545,0.99879515,0.9999685,0.00030108241,0.9668392,0.00021647407,0.9999565,0.05582544,0.9999087,0.99983287
Bengali Nuts 143,0.00014903658,0.0017284589,0.9998938,0.0008268239,0.99981576,0.9985526,0.9994721,0.00014286509,0.00065310777,0.00040902317,0.022779828,0.08849347,0.9994253,5.8428894e-05,0.99984574,0.9999596,0.9995547,0.0001255429,0.0075741396,0.9998566,0.99997675,0.9967474,0.72895,0.9998217,0.9997979,0.000109077126,0.99331915,0.00036755242,0.9999474,0.031547632,0.9996401,0.99966764
Bengali Vegetables 144,0.00013428832,0.00074164546,0.999728,0.0029023823,0.99980074,0.9997987,0.99943477,0.0010883627,0.00076112524,0.0014539825,0.038446825,0.08431272,0.9987255,0.00012044309,0.99985504,0.9997434,0.9996106,0.0001717398,0.0066132564,0.99981195,0.99987614,0.99598455,0.45118833,0.9983537,0.99985564,0.0009981713,0.9700584,0.0003579615,0.99981946,0.043862693,0.9984168,0.99958175
Indian Fruits 145,0.00020393619,0.0009518521,0.99987733,0.00080217683,0.99978894,0.9997199,0.999549,0.00035087485,0.00040471274,0.0021794932,0.040530674,0.07456911,0.99979013,0.00021145305,0.9999516,0.99980706,0.9999404,0.00019469559,0.0034336105,0.999803,0.99994874,0.9976127,0.25112095,0.9990559,0.9998622,0.00022147995,0.9581973,0.00021848212,0.9998493,0.03133179,0.9996252,0.9996662
Indian Pulses 146,0.00012264102,0.0008211022,0.99986875,0.0036049967,0.99988854,0.9998926,0.9997538,0.00012260278,0.0017859675,3.2485714e-05,0.07162288,0.09136132,0.9994881,2.5522468e-05,0.99996185,0.9998919,0.9997861,8.845832e-05,0.0047297403,0.99960023,0.99988604,0.9989766,0.5113282,0.99977285,0.9999348,0.00010588396,0.98640984,0.00065724173,0.99996114,0.058670495,0.9994369,0.99897695
Gujarati Seeds 147,1.4076428e-05,7.1710485e-05,0.9999696,0.0015623873,0.99988973,0.9997204,0.9999713,6.83866e-05,0.00016168435,0.00041511055,0.014629995,0.10296075,0.9996991,1.0446017e-05,0.9999938,0.99996984,0.9999888,2.2585276e-05,0.00033655646,0.9999919,0.99994874,0.99859244,0.5556427,0.9999504,0.99996734,1.10259825e-05,0.9821421,7.3452946e-05,0.99998057,0.14960746,0.99995816,0.9996145
Gujarati Dairy 148,4.878995e-05,0.0004721676,0.9998896,0.0013560504,0.9998667,0.36973497,0.9987489,0.00038417085,0.0009564115,0.41691872,0.00500312,0.020790821,0.9996928,9.3861025e-05,0.9999405,0.99994254,0.9999311,0.00018314188,0.008214411,0.99958557,0.9999205,0.9982951,0.9594587,0.99801034,0.9997677,4.5319877e-05,0.7274296,0.00048062057,0.9999461,0.11149403,0.99984264,0.99974114
South Indian Nuts 149,0.0007185452,0.0007998027,0.9998553,0.0014826907,0.9992943,0.9999392,0.999635,0.00044720073,0.0013410898,9.611461e-05,0.06163565,0.11886295,0.9983754,0.00020015654,0.99987376,0.99993026,0.9979887,0.00089152926,0.016136376,0.99944335,0.99963856,0.99495524,0.5359294,0.99649835,0.9996327,0.0009826912,0.9871474,0.000342957,0.9990694,0.06520923,0.99864966,0.9968188
Bengali Fruits 150,6.5852146e-05,0.00018520365,0.99992144,0.00043893314,0.99982446,0.99968255,0.99988127,0.00029734918,0.0011398206,0.0002239619,0.02418404,0.05367079,0.9997857,2.1554271e-05,0.99996257,0.99991095,0.99990344,4.6709752e-05,0.0037886545,0.9998313,0.9999845,0.9997179,0.4262249,0.9968689,0.9999199,0.00018645941,0.982488,6.255968e-05,0.9999585,0.012744481,0.99988997,0.9996464
South Indian Dairy 151,0.0001532726,0.00050799205,0.9999156,0.0056449617,0.9997621,0.9995171,0.99944633,0.00049693324,0.0014486347,0.000103407154,0.039835956,0.112357676,0.999589,0.00012247366,0.9999248,0.9999341,0.9999069,2.4677536e-05,0.00096035475,0.999959,0.999876,0.9986357,0.35124978,0.99974984,0.9997516,8.410376e-05,0.90370244,0.00057498564,0.99989927,0.010707534,0.99945825,0.99972373
Indian Pulses 152,0.00016466646,0.00032677548,0.99992573,0.0037488902,0.99981993,0.9993211,0.9993338,0.00029694464,0.0009237609,0.00038748668,0.03379549,0.14302614,0.99894637,8.8526685e-05,0.9999306,0.9995714,0.99989295,5.85338e-05,0.00187001,0.99969065,0.99984527,0.9972645,0.5939767,0.9993019,0.9999435,0.00036784774,0.9521503,0.00029919075,0.9999372,0.025736324,0.99905986,0.9984888
South Indian Leafy Greens 153,8.713803e-05,0.0002754826,0.9999057,0.0038801427,0.9999267,0.9999628,0.9998423,0.0001692638,0.0015796693,7.4452786e-05,0.024046278,0.21816672,0.99967635,6.75219e-05,0.999902,0.9999479,0.9998344,0.0005240531,0.0029777694,0.99991286,0.9998286,0.9990595,0.64479417,0.9996278,0.99993443,0.000280753,0.97801614,0.00027264052,0.99992895,0.034427155,0.99956137,0.99937516
Gujarati Vegetables 154,0.00010317992,0.0004668051,0.9999801,0.0004455498,0.9998851,0.12231996,0.99946994,7.352147e-05,0.0006832311,0.8280808,0.0033142476,0.09068516,0.99978095,3.5809662e-05,0.99996114,0.99991524,0.9996069,3.1050113e-05,0.00076718966,0.9999796,0.9999269,0.9997811,0.9585803,0.999729,0.9999696,0.00014003889,0.179778,0.0002198498,0.99995315,0.013525136,0.99994016,0.99988973
Indian Dairy 155,6.875599e-05,0.0005294929,0.998516,0.0029490397,0.99960047,0.9945029,0.9980191,0.00016248011,0.0012838696,0.010738287,0.060512103,0.13205032,0.9983479,0.00040944567,0.99985945,0.99997103,0.9997255,0.00032149872,0.004194732,0.99963796,0.9998344,0.9900675,0.7984974,0.998207,0.9994603,0.0005092101,0.8373562,0.0005528909,0.99971133,0.044691384,0.999092,0.99868256
Bengali Pulses 156,0.00020795228,0.0005494098,0.99992514,0.0011266366,0.9999037,0.7971154,0.9996724,0.00035922823,0.0012007505,0.1550227,0.01627478,0.25285605,0.9996182,8.633813e-05,0.9999814,0.99966514,0.9998394,0.00010888466,0.0025620926,0.99996924,0.99973017,0.99934417,0.95110834,0.9988772,0.999982,0.00048674512,0.666395,0.00011235981,0.9999596,0.04135715,0.9995239,0.9997203
Bengali Fruits 157,0.00036731752,0.0018561594,0.9994154,0.024778832,0.9991316,0.9996215,0.9992393,0.00048341203,0.0043599014,0.0003982108,0.047841404,0.10087259,0.9990706,0.00015029042,0.9998671,0.99974805,0.9991404,0.00022148837,0.000706026,0.999653,0.99972945,0.9979917,0.48969153,0.9975712,0.9981864,0.00060591573,0.888821,0.0005589073,0.99979883,0.044023126,0.99935716,0.99846715
Gujarati Vegetables 158,0.00011602407,0.00070816383,0.99952745,0.008195798,0.99965036,0.9998566,0.99947554,0.0013965972,0.0014684784,0.0003750921,0.08265127,0.12513547,0.99887294,0.00011918133,0.999851,0.99983585,0.99985325,0.0001516988,0.0027089755,0.99969304,0.99974865,0.9955047,0.37811336,0.99762326,0.9998099,0.0013389749,0.9776218,0.00034338396,0.99989676,0.05886792,0.9995018,0.9997106
Bengali Vegetables 159,0.00078112487,0.0015573204,0.9998375,0.0042371806,0.999493,0.99956065,0.99828124,0.00091126165,0.0029816634,0.00075773004,0.04835271,0.051042363,0.99950194,0.0005273437,0.99948835,0.9997855,0.99919933,0.00065173546,0.0054034772,0.9995396,0.99983656,0.99709356,0.45432255,0.99892336,0.9997391,0.00044445216,0.9850639,0.00027308485,0.99988484,0.040757637,0.99916387,0.99851245
South Indian Vegetables 160,0.00038375266,0.0010366441,0.9995871,0.0014759079,0.99978155,0.9998022,0.99953914,0.001982965,0.0012239745,0.0001454276,0.061053243,0.094739966,0.99964464,0.00011464123,0.9997371,0.99970704,0.99904615,0.00036323012,0.007096311,0.99971837,0.9994369,0.97574174,0.696614,0.99895954,0.99904615,0.0004605473,0.9773631,0.00022279967,0.9999075,0.04491322,0.9992724,0.99847895
Indian Nuts 161,4.959578e-05,0.00036612083,0.9999721,0.0027905935,0.9999889,0.012994631,0.9997141,0.00013907226,5.1655807e-05,0.9840456,0.0047758725,0.05256608,0.99983954,0.00011388692,0.9999932,0.99998415,0.9998252,3.1176452e-05,0.0032217265,0.9999069,0.99982125,0.99930954,0.99060786,0.99902606,0.99996805,0.0014093166,0.2620371,8.2593426e-05,0.99999225,0.01984431,0.99986124,0.99991286
Gujarati Nuts 162,4.4892917e-05,0.0007800251,0.99986637,0.002376233,0.9998323,0.99983346,0.9988256,0.0002548669,0.0005286922,0.0003488611,0.023156771,0.04352842,0.99984336,9.3866925e-05,0.9999553,0.9995628,0.99971896,0.00010714001,0.0033553517,0.999954,0.99991894,0.99903107,0.38133317,0.99963677,0.99985325,0.00018264313,0.97870356,0.00034676894,0.99992967,0.036868274,0.9995555,0.99967194
Bengali Cereals 163,4.3846747e-05,0.0007062434,0.9999305,0.0058284225,0.9998223,0.8797283,0.9999186,0.00018146394,0.00033022952,0.03193976,0.006535103,0.13663998,0.99964726,9.2045746e-05,0.9999752,0.9999422,0.9999269,0.00015638863,0.00055554614,0.99944395,0.99995244,0.99955004,0.8881668,0.99941397,0.9995042,0.0006586752,0.46122617,0.00036084861,0.99985003,0.037552707,0.99975497,0.99955124
Gujarati Fruits 164,0.00018352891,0.00014161484,0.9998859,0.026216866,0.99922526,0.99615073,0.9995437,0.0005560179,0.0004942689,0.0013689023,0.0118901,0.05315781,0.9992561,0.00034702392,0.9998023,0.9995596,0.9998865,0.00031197869,0.0016200962,0.9996512,0.9999521,0.9973024,0.37861708,0.9995596,0.99987626,6.604011e-05,0.97054714,0.00083567173,0.9997496,0.17212944,0.99831355,0.99912554
North Indian Seeds 165,0.00031449704,0.0007235917,0.99996483,0.003662137,0.9998871,0.9893139,0.99960774,0.00020505243,7.427883e-05,0.011558983,0.01858307,0.08511787,0.99965143,0.00057629583,0.99986184,0.99991584,0.99978715,0.00013386781,0.0012992839,0.99973005,0.9999119,0.9986104,0.6172561,0.99979764,0.99996305,0.00021251803,0.8170772,0.0003089569,0.9999573,0.10134854,0.99893814,0.99666303
Indian Seeds 166,0.0008757951,0.0007788085,0.9998442,0.0012897102,0.99970263,0.99978167,0.9986228,0.00027100265,0.0011654799,0.00039067114,0.02749949,0.04054544,0.9994081,0.000108237036,0.99991477,0.99980193,0.9990621,0.0003564755,0.003702664,0.99987054,0.9998883,0.9968546,0.5431033,0.9996984,0.9991591,0.0005941488,0.93167514,0.00016262922,0.9998294,0.11883109,0.99679786,0.99808145
Gujarati Vegetables 167,0.0004701891,0.00091425213,0.99979895,0.0117562115,0.9997516,0.9985852,0.99940896,0.0014252958,0.0030214463,0.0010015921,0.061982468,0.18577929,0.9992275,0.00012039474,0.9998847,0.9997656,0.9994936,0.0002529742,0.004793324,0.9998956,0.9997061,0.9951041,0.55739605,0.9993987,0.99985063,0.0006010019,0.91284347,0.0002529168,0.9997849,0.064494826,0.9985998,0.99756324
North Indian Leafy Greens 168,5.725515e-05,0.00023300365,0.99992454,0.0010015573,0.9999411,0.9999745,0.99993527,8.083341e-05,0.0007518897,0.00016850953,0.01610926,0.056778714,0.9998729,2.2647459e-05,0.9999902,0.99990475,0.99994195,6.764706e-05,0.0049812864,0.99986684,0.9999367,0.9990402,0.6935168,0.99929273,0.99986196,0.00017251793,0.9880867,0.000120651835,0.9998209,0.016420484,0.99973637,0.99948275
Indian Fruits 169,0.0001706873,0.0010003096,0.9991326,0.0048357504,0.99947816,0.9999267,0.9995696,0.0006977029,0.0012869855,0.00050113845,0.072802074,0.14326654,0.99966407,0.00010180607,0.99986887,0.9996177,0.99930227,0.00028763758,0.0045772935,0.9995028,0.9997861,0.99601585,0.560152,0.9998938,0.99977523,9.287613e-05,0.92167324,0.0011368727,0.9998807,0.09808809,0.99821645,0.9977418
Indian Vegetables 170,0.0001981655,0.0010977425,0.9998541,0.0012337257,0.9997049,0.9839438,0.99983716,0.000113197464,0.000294457,0.012055619,0.0204296,0.08823257,0.9995777,6.641773e-05,0.99971575,0.99984455,0.99951935,0.000120039826,0.0013013782,0.99988294,0.9999354,0.9974911,0.69911826,0.99876225,0.9999044,0.00031046572,0.94573927,0.00089071546,0.999902,0.0921733,0.9997702,0.99979407
Gujarati Cereals 171,8.862618e-05,0.00047381595,0.9997631,0.011428948,0.9994035,0.99892235,0.99981827,0.00037968144,0.0016895551,0.001031999,0.03324144,0.06522585,0.99923193,0.0006511271,0.9998882,0.9999037,0.9995227,0.00025776643,0.0021983406,0.99983287,0.99992263,0.99712014,0.5296014,0.99950325,0.99987483,6.901566e-05,0.9566129,0.00040291713,0.9998809,0.088344455,0.9987527,0.99946254
Indian Dairy 172,0.00315037,0.0010759486,0.9999578,0.013996373,0.9999169,0.012752769,0.9997514,0.00039411453,0.00019037593,0.95172286,0.0112227015,0.015369894,0.9993674,0.00016049379,0.9998803,0.99944645,0.99959344,5.6220175e-05,0.0013067911,0.99994004,0.9999231,0.9999355,0.98514533,0.9992693,0.99985397,0.0011368592,0.6548468,3.568554e-05,0.9998387,0.052590106,0.9999248,0.99974734
Indian Pulses 173,6.937019e-05,0.0014070958,0.99987113,0.003055335,0.9998234,0.9999131,0.99987316,0.0004143985,0.0015173034,9.711161e-05,0.05453841,0.115999006,0.99910235,3.726111e-05,0.9999517,0.9998554,0.9998678,0.00011820898,0.002029708,0.9998124,0.9999472,0.99888927,0.38684854,0.9992969,0.9998443,0.00033781966,0.9848898,0.000185138,0.99994004,0.011119632,0.998662,0.9991597
North Indian Leafy Greens 174,0.00014994289,0.00027324894,0.9997888,0.0028181726,0.99977976,0.99929297,0.99961674,0.000107098655,0.00022885944,0.00014541153,0.008345638,0.14959325,0.99902713,1.2783194e-05,0.9999553,0.99931836,0.99993587,9.909734e-05,0.0008506613,0.9998733,0.9999374,0.99802196,0.54592746,0.999747,0.99992704,4.2997355e-05,0.91262597,0.00048617338,0.9998703,0.021253016,0.99968195,0.99955696
Indian Fruits 175,0.0003228607,0.00046029227,0.9992525,0.0017816941,0.9994313,0.99984574,0.99957925,0.000158998,0.00091838295,0.00016424511,0.07049597,0.14566936,0.99935585,0.00022944545,0.99966514,0.9998828,0.9998454,0.00022104387,0.0012336933,0.99989355,0.999542,0.9925673,0.46586016,0.9995339,0.99976474,9.664868e-05,0.9671011,0.00035269908,0.9999404,0.04535632,0.99905807,0.99907434
Indian Seeds 176,0.00018250663,0.000923521,0.99965143,0.00969119,0.9987866,0.99826473,0.997291,0.00045857683,0.0011605275,0.0020380109,0.01992275,0.10605255,0.9990761,0.00048641834,0.9997857,0.99970144,0.99895537,0.0004995034,0.0032319608,0.9995004,0.99973506,0.99656373,0.42423812,0.9990305,0.99823964,0.00017237275,0.8961237,0.0005699128,0.99971586,0.044364043,0.9985927,0.998743
North Indian Pulses 177,9.883395e-05,0.00012987481,0.9998987,0.012755885,0.9998543,0.998509,0.99956435,5.7749323e-05,0.0003144035,0.007264174,0.030938819,0.12532568,0.99885106,2.9468074e-05,0.9999484,0.9999323,0.99990153,9.165179e-05,0.004246415,0.99989736,0.9999783,0.99837226,0.45650664,0.99985445,0.9998123,0.00010057264,0.8277999,0.0003558538,0.9999801,0.03690105,0.99946934,0.9996031
South Indian Cereals 178,0.0001020624,0.0012682067,0.99993324,0.0015003612,0.9999219,0.000794311,0.9996252,0.000102916856,0.00046459932,0.9791885,0.0073739495,0.027306266,0.9994765,0.00021938975,0.9999058,0.99976164,0.9993716,4.3990654e-05,0.0015305141,0.9999373,0.9999161,0.9997472,0.9941696,0.99812895,0.99992335,0.0008715462,0.080836006,0.00013477386,0.99996316,0.021312196,0.99992716,0.9994574
North Indian Nuts 179,0.0002751773,0.001100979,0.99928063,0.004937308,0.99952865,0.9999207,0.99507564,0.0006506937,0.0012628568,0.00021419059,0.108643286,0.25330794,0.999226,0.00069448084,0.9993068,0.9997999,0.99954563,0.0005037006,0.0026428879,0.9998061,0.9994504,0.9964561,0.4206344,0.99921393,0.999734,0.000307361,0.93689203,0.00015908579,0.9999069,0.047442473,0.9991026,0.99804986
Gujarati Leafy Greens 180,0.00020495802,0.002185339,0.9995364,0.00201372,0.9994832,0.9996904,0.9997576,0.0008964096,0.001196146,0.00051869295,0.064448476,0.015402213,0.9978777,0.00011063037,0.9997389,0.9992625,0.99965966,0.00012893886,0.0050117085,0.9994796,0.99963796,0.99830663,0.38751194,0.997493,0.9996803,0.00021630964,0.9784597,0.00088161917,0.99993956,0.023498302,0.9996507,0.99970585
Gujarati Seeds 181,0.00019125469,0.0011985211,0.9997124,0.0014744735,0.9997446,0.9994072,0.9974782,0.00018480748,0.00016779843,0.00012956768,0.06964491,0.16653138,0.99923646,4.3116677e-05,0.9999348,0.9999157,0.9998455,2.2139093e-05,0.00952805,0.9999517,0.9998766,0.9965358,0.57780224,0.99931574,0.99985695,0.00017968347,0.97540116,0.0005025467,0.9999616,0.0599173,0.9965713,0.9993943
Gujarati Dairy 182,0.00018778148,0.000556642,0.9999037,0.0022524237,0.99978286,0.99980944,0.9990959,0.00030172727,0.0020117871,0.00020017734,0.026344126,0.13104235,0.999835,0.00010367274,0.9998815,0.99991584,0.9998647,0.00025956574,0.0055879983,0.999691,0.9998461,0.9959733,0.49852812,0.99951744,0.99987733,0.00011559934,0.9734629,0.00035108833,0.99965,0.017815683,0.99970144,0.99964356
South Indian Fruits 183,0.00031879818,0.0024118,0.99980456,0.0044775167,0.9996481,0.9995981,0.9992428,0.0007121677,0.00082225626,0.0013572578,0.11999675,0.1540932,0.99970835,0.00022146433,0.9997446,0.9998466,0.9979297,0.0004999626,0.022111587,0.9992167,0.99979323,0.9947744,0.3663439,0.99776256,0.99969447,0.0009789952,0.9530315,0.00048122482,0.99981946,0.01995388,0.9993818,0.9996238
Indian Vegetables 184,0.0001402439,0.0018009971,0.9997204,0.012703592,0.999876,0.8372078,0.9998217,0.00012656229,0.00014215804,0.045641992,0.03291893,0.20118476,0.999635,0.0002807803,0.9997291,0.99972063,0.99977845,7.747521e-05,0.0027560059,0.99953365,0.9998123,0.9998275,0.9117964,0.9988432,0.9999254,0.00019698263,0.7673798,0.0006420711,0.9999907,0.060711853,0.9998505,0.9996984
Bengali Cereals 185,0.00013492764,0.00043368977,0.9999579,0.0014873403,0.99992824,0.9999887,0.99960667,0.00026412448,0.001044249,0.00015168492,0.06356195,0.17525838,0.99976426,1.0401909e-05,0.99991703,0.9999498,0.9997806,0.00017105063,0.011216149,0.9998944,0.9999255,0.99901104,0.67018706,0.99896216,0.9997322,0.00013026736,0.9724523,8.131211e-05,0.9999722,0.01500507,0.9996861,0.9990132
Indian Dairy 186,0.0014851579,0.001009018,0.99990225,0.0057347147,0.99854386,0.7408799,0.9989592,0.0009382206,0.0014410012,0.11813524,0.021604037,0.050554793,0.9958443,0.00035209238,0.9996369,0.9977603,0.9993333,0.0014512325,0.0011345927,0.9997316,0.9998337,0.99628437,0.79073256,0.9956508,0.9992225,0.00010506385,0.58073235,0.0010410591,0.99947435,0.011420002,0.99913776,0.9963471
Gujarati Pulses 187,0.00028097903,0.0015847922,0.999918,0.005143109,0.9995646,0.009271591,0.99910396,0.00010012099,0.0014529243,0.95226544,0.052391637,0.41289628,0.99883646,0.000312578,0.9998522,0.9997565,0.99879813,0.00017431415,0.0017838249,0.99973744,0.9998487,0.9996265,0.9803816,0.9991208,0.9999267,0.00093450706,0.03548306,0.000107312924,0.9997569,0.035909012,0.99799156,0.9995623
Indian Fruits 188,6.5724416e-05,0.0002280194,0.9998627,0.0010767038,0.9999325,0.9983365,0.99996376,6.688482e-05,0.00013325218,0.0011317127,0.019245178,0.14201978,0.99981636,3.924422e-05,0.99997604,0.99996126,0.99994767,8.873197e-05,0.0002803959,0.99986625,0.9999826,0.99978155,0.5214089,0.99965596,0.99998116,0.00024335555,0.9383626,6.717349e-05,0.9999864,0.015642159,0.9996171,0.99991333
South Indian Vegetables 189,6.7556866e-05,0.00041082187,0.999966,0.00064758497,0.9999882,8.8456974e-05,0.99992573,0.00011872275,5.958345e-05,0.9978689,0.002676938,0.09381499,0.99993837,9.803918e-06,0.99999,0.99998295,0.9995345,1.40137045e-05,0.0009205337,0.9999356,0.9998354,0.9999722,0.9989568,0.9996111,0.99999213,0.0008729146,0.022890646,6.1711304e-05,0.99999547,0.004811412,0.9999502,0.99996066
South Indian Dairy 190,0.00044854943,0.00025378686,0.999897,0.002538294,0.9993338,0.9779106,0.99979156,0.000109864515,0.00036596312,0.015213341,0.013996885,0.060964826,0.9994941,0.00020908774,0.99992156,0.9998184,0.9999207,0.00025316386,0.00024260428,0.99958414,0.9999294,0.9936453,0.7494911,0.9994937,0.99994636,6.2291794e-05,0.9055089,0.00020396186,0.9999057,0.046160102,0.999767,0.9987779
Bengali Nuts 191,7.777759e-05,0.00028775746,0.99945444,0.0016537855,0.9997534,0.99952114,0.9995192,0.0003463873,0.00063931756,0.0008808609,0.0718523,0.14847364,0.9988728,8.361676e-05,0.999819,0.99965,0.99914277,0.00016114517,0.002873651,0.99991786,0.9999553,0.99592423,0.53450686,0.99943095,0.99977523,0.00085430447,0.94246876,0.00047473842,0.9999379,0.023314008,0.9997787,0.9998642
South Indian Vegetables 192,9.7063836e-05,0.00064245035,0.9999267,0.0039591794,0.99992204,0.9995421,0.99921167,0.00034906802,0.00040622713,0.0006435473,0.04486479,0.11503447,0.9995652,5.2582778e-05,0.9999416,0.9999752,0.9996879,4.0998057e-05,0.002557863,0.9999107,0.99996185,0.9994567,0.657987,0.99985886,0.99993885,0.0002441532,0.9585976,0.00057457364,0.9999635,0.05253824,0.99943596,0.9995214
Bengali Cereals 193,7.9084406e-05,0.0026761566,0.99994385,0.0040491545,0.9996878,0.99963295,0.99870396,0.00019614094,0.0017045487,0.00028990395,0.031096147,0.08656306,0.9996321,0.0001291792,0.99989414,0.9999106,0.99893516,0.000112698144,0.006949229,0.99951696,0.9999231,0.9976661,0.3589998,0.99940634,0.9998431,0.00040425174,0.915344,0.0005882944,0.9998952,0.03135414,0.9994041,0.99816436
North Indian Cereals 194,0.0012008408,0.0034432737,0.9985851,0.010736215,0.9989717,0.9995128,0.9990182,0.0014341761,0.0019116502,0.0006208491,0.06526701,0.04902629,0.9988148,0.00046010013,0.9997335,0.99884784,0.9994344,0.00058066647,0.012713961,0.99935263,0.9996822,0.9927004,0.49329153,0.98604774,0.99841845,0.0009066089,0.9877412,0.002079754,0.99973756,0.03440398,0.9986953,0.99936336
Gujarati Cereals 195,0.00044324758,0.0025517351,0.9987569,0.005966151,0.9991818,0.99880147,0.9985967,0.00044367774,0.0021061823,0.0022406708,0.07141915,0.24272725,0.99919134,0.0008510318,0.9997538,0.999713,0.9996138,0.00053019536,0.013202878,0.998887,0.9998741,0.9924746,0.22373903,0.994111,0.9993711,0.0020062583,0.9361005,0.00083237846,0.9996805,0.021886997,0.99920195,0.99884486
South Indian Vegetables 196,0.0001133343,0.00036476113,0.99973303,0.0012952893,0.99989605,0.99832255,0.99981743,0.0001041568,0.00048624678,0.0027637004,0.026330274,0.095300995,0.9994879,4.0440133e-05,0.99994993,0.9999223,0.99978894,0.00026278794,0.0034996732,0.9998229,0.999979,0.9984125,0.5712909,0.99961096,0.99990547,0.00046544307,0.92660123,0.000113084716,0.99991393,0.016280537,0.99936444,0.99968886
South Indian Pulses 197,0.00045026254,0.00021455075,0.9999176,0.010614911,0.99978226,0.7405608,0.99842465,0.00034675407,0.0007675524,0.28696012,0.010547494,0.052954506,0.9968753,0.00012937027,0.99989307,0.99988127,0.99931204,8.242788e-05,0.0010471492,0.9994254,0.99995124,0.9996815,0.9409576,0.9990138,0.9998425,9.087845e-05,0.49993354,0.00013184368,0.99989533,0.08606647,0.9997261,0.99881506
South Indian Nuts 198,0.0002903659,0.0016029137,0.99980515,0.0041870684,0.999711,0.9989911,0.9987544,0.0006101985,0.0009321825,0.0004917985,0.02882435,0.13919665,0.99877197,8.61401e-05,0.9996444,0.9997552,0.99948406,0.00010761738,0.0019173066,0.9994979,0.9996816,0.9969361,0.6365214,0.998464,0.9998884,0.00017779243,0.90830094,0.00063287053,0.9997938,0.038213387,0.9994281,0.99982697
North Indian Leafy Greens 199,0.0016680411,0.0024637873,0.9999502,0.0023901025,0.99994683,3.1337506e-06,0.9997402,4.764869e-05,0.000745355,0.9998789,0.01984298,0.15669788,0.9985185,0.00023289924,0.9997179,0.9997867,0.9952271,0.00015651618,0.0024110717,0.99976057,0.9998603,0.9999666,0.9992797,0.9984571,0.9999602,0.0077179526,0.023977825,0.00022561912,0.99963677,0.016728334,0.99928397,0.9996043
Gujarati Leafy Greens 200,5.2591247e-05,0.00033231775,0.9998745,0.0014973283,0.999553,0.99630356,0.9998909,0.0002567412,0.0008558676,0.0023783895,0.015449091,0.12776555,0.9991027,5.072887e-05,0.99997115,0.9999064,0.9998659,0.00054920325,0.00082701974,0.9998789,0.99988425,0.9974744,0.49110225,0.99973017,0.99968386,0.00012479,0.8379492,0.00035817124,0.99994063,0.008513508,0.9989786,0.9997762
